,leiden,cell_type,n_genes_by_counts,total_counts
Cell_0,0,Endothelial,1992,23277.0
Cell_1,0,Oligodendrocytes,1995,23398.0
Cell_2,0,GABAergic,1993,23076.0
Cell_4,0,Endothelial,1997,23398.0
Cell_5,0,Oligodendrocytes,1999,23226.0
Cell_6,0,GABAergic,1998,22961.0
Cell_7,0,GABAergic,1996,23594.0
Cell_8,0,Astrocytes,1994,23034.0
Cell_9,0,Microglia,1994,23769.0
Cell_10,0,Astrocytes,1990,22767.0
Cell_12,0,GABAergic,1998,23475.0
Cell_13,0,GABAergic,2000,23489.0
Cell_18,0,GABAergic,1997,23526.0
Cell_19,0,Endothelial,1991,23286.0
Cell_20,0,Microglia,1998,23387.0
Cell_21,0,Endothelial,1993,22744.0
Cell_22,0,Neurons,1997,23106.0
Cell_25,0,Microglia,1997,23617.0
Cell_27,0,Microglia,1994,23027.0
Cell_28,0,Microglia,1989,23469.0
Cell_29,0,Oligodendrocytes,1995,23313.0
Cell_30,0,GABAergic,1996,23699.0
Cell_31,0,Neurons,1995,23389.0
Cell_32,0,Microglia,1995,23814.0
Cell_34,0,Microglia,1998,22952.0
Cell_35,0,GABAergic,1999,23342.0
Cell_38,0,Microglia,1997,23656.0
Cell_40,0,Astrocytes,1993,23168.0
Cell_41,0,Astrocytes,1996,22966.0
Cell_44,0,Astrocytes,1994,23472.0
Cell_45,0,Microglia,1996,23324.0
Cell_46,0,Astrocytes,1997,23497.0
Cell_47,0,Neurons,1995,23691.0
Cell_48,0,Endothelial,1994,23301.0
Cell_49,0,Microglia,1993,23845.0
Cell_52,0,GABAergic,1997,23166.0
Cell_53,0,Endothelial,1995,23333.0
Cell_54,0,Astrocytes,1998,23610.0
Cell_55,0,Microglia,1994,23186.0
Cell_57,0,Microglia,1996,23877.0
Cell_58,0,Astrocytes,1996,23505.0
Cell_59,0,GABAergic,1995,23632.0
Cell_60,0,Endothelial,1998,23522.0
Cell_61,0,Endothelial,1998,23372.0
Cell_62,0,Neurons,1996,23570.0
Cell_63,0,Endothelial,1998,23329.0
Cell_64,0,Microglia,1994,23120.0
Cell_65,0,Neurons,1994,22994.0
Cell_66,0,GABAergic,1995,23737.0
Cell_67,0,Microglia,1994,23171.0
Cell_69,0,Microglia,1994,23017.0
Cell_70,0,Endothelial,1998,23570.0
Cell_71,0,Microglia,1993,23340.0
Cell_75,0,GABAergic,1996,22967.0
Cell_76,0,Neurons,1995,23462.0
Cell_78,0,GABAergic,1993,23547.0
Cell_79,0,Neurons,1991,23341.0
Cell_80,0,Neurons,1992,23252.0
Cell_81,0,GABAergic,1993,23377.0
Cell_82,0,Oligodendrocytes,1995,22867.0
Cell_83,0,Endothelial,1992,22813.0
Cell_84,0,Neurons,1995,22851.0
Cell_86,0,Endothelial,1993,23603.0
Cell_87,0,Astrocytes,1996,23430.0
Cell_88,0,Neurons,1996,23060.0
Cell_90,0,Neurons,1992,22949.0
Cell_91,0,Microglia,1997,23530.0
Cell_92,0,Astrocytes,1997,23909.0
Cell_94,0,Oligodendrocytes,1993,23621.0
Cell_95,0,GABAergic,1991,23497.0
Cell_96,0,Neurons,1996,23316.0
Cell_97,0,Microglia,1993,23656.0
Cell_99,0,Microglia,2000,23067.0
Cell_103,0,Microglia,1991,23021.0
Cell_105,0,GABAergic,1992,23226.0
Cell_106,0,Endothelial,1996,23671.0
Cell_108,0,Endothelial,1995,23558.0
Cell_109,0,GABAergic,1995,22954.0
Cell_110,0,GABAergic,1990,23037.0
Cell_111,0,GABAergic,1993,23279.0
Cell_112,0,Microglia,1994,23154.0
Cell_113,0,Endothelial,1993,23250.0
Cell_114,0,Microglia,1997,23025.0
Cell_115,0,Oligodendrocytes,1996,22865.0
Cell_116,0,Oligodendrocytes,1996,23637.0
Cell_117,0,Oligodendrocytes,1996,23527.0
Cell_118,0,Astrocytes,1996,22809.0
Cell_122,0,GABAergic,1995,23490.0
Cell_123,0,Microglia,1995,23212.0
Cell_124,0,Endothelial,1998,23436.0
Cell_125,0,Neurons,1998,23691.0
Cell_127,0,Oligodendrocytes,1999,23199.0
Cell_129,0,Microglia,1995,23114.0
Cell_132,0,GABAergic,1994,23523.0
Cell_134,0,Oligodendrocytes,1991,23062.0
Cell_136,0,GABAergic,1992,23446.0
Cell_137,0,Neurons,1994,23632.0
Cell_140,0,GABAergic,1995,23332.0
Cell_141,0,GABAergic,1992,22765.0
Cell_142,0,Neurons,1991,23277.0
Cell_143,0,GABAergic,1997,23598.0
Cell_144,0,Astrocytes,1995,23389.0
Cell_145,0,Oligodendrocytes,1996,22964.0
Cell_149,0,Microglia,1994,23379.0
Cell_150,0,GABAergic,1995,23219.0
Cell_151,0,Oligodendrocytes,1994,22986.0
Cell_152,0,GABAergic,1996,23519.0
Cell_153,0,Endothelial,1993,23360.0
Cell_155,0,Microglia,1992,23246.0
Cell_156,0,Microglia,1999,23402.0
Cell_157,0,Neurons,1995,23205.0
Cell_158,0,Neurons,1994,23245.0
Cell_159,0,Endothelial,1994,23283.0
Cell_161,0,Oligodendrocytes,1996,23195.0
Cell_162,0,Neurons,1994,23795.0
Cell_163,0,Oligodendrocytes,1997,23596.0
Cell_164,0,GABAergic,1987,23251.0
Cell_165,0,Microglia,1998,23817.0
Cell_166,0,Astrocytes,1998,22976.0
Cell_167,0,Microglia,1995,23605.0
Cell_168,0,Astrocytes,1998,23304.0
Cell_171,0,Neurons,1994,23548.0
Cell_172,0,Microglia,1996,23163.0
Cell_174,0,Microglia,1993,23600.0
Cell_175,0,Endothelial,1994,23252.0
Cell_176,0,Microglia,1991,23330.0
Cell_177,0,Microglia,1997,23099.0
Cell_178,0,Microglia,1999,23431.0
Cell_179,0,Endothelial,1995,23476.0
Cell_180,0,Microglia,1996,22864.0
Cell_183,0,Microglia,1994,23471.0
Cell_184,0,Astrocytes,1992,23114.0
Cell_186,0,Microglia,1992,23067.0
Cell_188,0,Endothelial,1992,23246.0
Cell_191,0,Oligodendrocytes,1995,23622.0
Cell_192,0,Microglia,1996,23824.0
Cell_194,0,Neurons,1999,23628.0
Cell_195,0,Microglia,1998,23532.0
Cell_196,0,Microglia,1995,23447.0
Cell_197,0,Oligodendrocytes,1999,23400.0
Cell_198,0,Microglia,1995,23216.0
Cell_199,0,Neurons,1999,23684.0
Cell_200,0,Microglia,1995,23674.0
Cell_201,0,Oligodendrocytes,1996,22953.0
Cell_202,0,Microglia,1992,23483.0
Cell_203,0,GABAergic,1997,23587.0
Cell_204,0,Endothelial,1998,23467.0
Cell_207,0,GABAergic,1996,23501.0
Cell_208,0,Astrocytes,1996,23427.0
Cell_209,0,Microglia,1998,23595.0
Cell_210,0,Neurons,1997,23264.0
Cell_211,0,Endothelial,1998,23489.0
Cell_212,0,Astrocytes,1995,23726.0
Cell_213,0,Astrocytes,1992,23188.0
Cell_214,0,Astrocytes,1996,23374.0
Cell_215,0,GABAergic,1996,23542.0
Cell_216,0,Endothelial,1997,23880.0
Cell_217,0,Microglia,1995,23155.0
Cell_218,0,Neurons,1997,23145.0
Cell_220,0,Oligodendrocytes,1997,23143.0
Cell_224,0,Microglia,1997,23927.0
Cell_230,0,GABAergic,1993,23443.0
Cell_231,0,Astrocytes,1998,23395.0
Cell_232,0,Oligodendrocytes,1995,22891.0
Cell_233,0,Microglia,1997,23084.0
Cell_234,0,Astrocytes,1995,23219.0
Cell_235,0,Microglia,1997,23721.0
Cell_236,0,Astrocytes,1997,23426.0
Cell_237,0,Oligodendrocytes,1997,22966.0
Cell_238,0,Endothelial,1995,22952.0
Cell_239,0,Endothelial,1992,22929.0
Cell_241,0,Microglia,1998,23315.0
Cell_242,0,Oligodendrocytes,1995,22869.0
Cell_243,0,GABAergic,1993,23107.0
Cell_244,0,Oligodendrocytes,1993,22986.0
Cell_247,0,GABAergic,1991,23877.0
Cell_248,0,GABAergic,1995,23212.0
Cell_250,0,Endothelial,1997,23292.0
Cell_251,0,Oligodendrocytes,1994,23216.0
Cell_252,0,GABAergic,1999,23329.0
Cell_253,0,Microglia,1994,23808.0
Cell_254,0,Oligodendrocytes,1998,23648.0
Cell_255,0,Microglia,1997,23637.0
Cell_256,0,Microglia,1993,23676.0
Cell_258,0,Oligodendrocytes,1994,23658.0
Cell_259,0,Oligodendrocytes,1994,23071.0
Cell_260,0,Microglia,1996,23286.0
Cell_263,0,Neurons,1993,23781.0
Cell_264,0,Endothelial,1997,23132.0
Cell_265,0,Microglia,1998,23288.0
Cell_266,0,Endothelial,1996,22985.0
Cell_267,0,Microglia,1993,22710.0
Cell_268,0,Neurons,1995,23457.0
Cell_269,0,Endothelial,1994,23610.0
Cell_270,0,Endothelial,1994,23755.0
Cell_271,0,Microglia,1994,23292.0
Cell_273,0,Neurons,1999,22671.0
Cell_275,0,Oligodendrocytes,1992,23808.0
Cell_276,0,Microglia,1996,23153.0
Cell_277,0,GABAergic,1995,23564.0
Cell_278,0,Oligodendrocytes,1991,23351.0
Cell_279,0,Microglia,1991,23005.0
Cell_280,0,Microglia,1995,23172.0
Cell_281,0,GABAergic,1997,23556.0
Cell_282,0,Endothelial,1994,23760.0
Cell_283,0,Astrocytes,1997,23323.0
Cell_284,0,GABAergic,1992,23985.0
Cell_285,0,Microglia,1994,22931.0
Cell_286,0,GABAergic,1995,23286.0
Cell_287,0,GABAergic,1992,23055.0
Cell_289,0,Microglia,1993,23408.0
Cell_290,0,Microglia,1996,23983.0
Cell_291,0,Neurons,1997,23946.0
Cell_292,0,Neurons,1996,23432.0
Cell_293,0,GABAergic,1996,23253.0
Cell_295,0,GABAergic,1994,23662.0
Cell_296,0,Astrocytes,1994,23688.0
Cell_299,0,Astrocytes,1994,23260.0
Cell_300,0,Neurons,1996,23798.0
Cell_302,0,GABAergic,1993,23303.0
Cell_303,0,GABAergic,1991,23618.0
Cell_304,0,Oligodendrocytes,1994,23237.0
Cell_305,0,Endothelial,1996,23234.0
Cell_307,0,Neurons,1995,23362.0
Cell_308,0,Microglia,1996,23261.0
Cell_309,0,Astrocytes,1993,23535.0
Cell_312,0,Astrocytes,1993,23424.0
Cell_313,0,GABAergic,1996,22812.0
Cell_314,0,Neurons,1995,23399.0
Cell_315,0,GABAergic,1998,23073.0
Cell_320,0,Endothelial,1998,23996.0
Cell_321,0,GABAergic,1994,22767.0
Cell_323,0,Astrocytes,1993,23200.0
Cell_325,0,Endothelial,1993,23442.0
Cell_326,0,Astrocytes,1994,23750.0
Cell_328,0,Microglia,1999,23519.0
Cell_331,0,GABAergic,1998,23484.0
Cell_332,0,Microglia,1995,23603.0
Cell_334,0,Endothelial,1994,23102.0
Cell_335,0,Endothelial,1995,23617.0
Cell_336,0,Neurons,1993,23105.0
Cell_338,0,Endothelial,1997,23304.0
Cell_339,0,Neurons,1996,23008.0
Cell_340,0,Microglia,1991,23530.0
Cell_341,0,GABAergic,1997,23856.0
Cell_342,0,Astrocytes,1996,23603.0
Cell_343,0,GABAergic,1992,23105.0
Cell_344,0,Oligodendrocytes,1998,23611.0
Cell_346,0,Endothelial,1996,23439.0
Cell_347,0,Oligodendrocytes,1998,23079.0
Cell_348,0,GABAergic,1994,23110.0
Cell_349,0,Microglia,1995,23057.0
Cell_352,0,Microglia,1994,23589.0
Cell_354,0,Oligodendrocytes,1996,23104.0
Cell_356,0,Neurons,1996,23546.0
Cell_357,0,GABAergic,1998,23504.0
Cell_358,0,GABAergic,1993,22975.0
Cell_360,0,Oligodendrocytes,1994,23745.0
Cell_361,0,Neurons,1993,22599.0
Cell_362,0,Microglia,1996,23244.0
Cell_363,0,GABAergic,1996,23468.0
Cell_365,0,Neurons,1996,23593.0
Cell_366,0,GABAergic,1997,23789.0
Cell_367,0,Microglia,1995,23269.0
Cell_368,0,Microglia,1994,23090.0
Cell_370,0,GABAergic,1994,23354.0
Cell_371,0,Endothelial,1993,23410.0
Cell_372,0,Neurons,1995,23346.0
Cell_373,0,Oligodendrocytes,1994,23374.0
Cell_374,0,Astrocytes,1995,23448.0
Cell_375,0,Oligodendrocytes,1995,23269.0
Cell_376,0,Neurons,1995,22760.0
Cell_378,0,Astrocytes,2000,23441.0
Cell_379,0,Neurons,1997,23165.0
Cell_380,0,GABAergic,1995,23309.0
Cell_381,0,GABAergic,1998,23403.0
Cell_382,0,GABAergic,1999,23603.0
Cell_383,0,Neurons,1997,23329.0
Cell_384,0,Endothelial,1996,23430.0
Cell_385,0,Endothelial,1995,23630.0
Cell_386,0,Astrocytes,1996,23450.0
Cell_388,0,GABAergic,1996,23342.0
Cell_389,0,Endothelial,1993,23627.0
Cell_390,0,Endothelial,1997,22723.0
Cell_391,0,Oligodendrocytes,1997,23269.0
Cell_392,0,Astrocytes,1997,23087.0
Cell_393,0,Oligodendrocytes,1997,23421.0
Cell_394,0,Neurons,1994,22998.0
Cell_397,0,GABAergic,1997,23532.0
Cell_398,0,Astrocytes,1997,23333.0
Cell_399,0,Neurons,1992,23237.0
Cell_400,0,Astrocytes,1993,23106.0
Cell_401,0,GABAergic,1995,23433.0
Cell_402,0,Endothelial,1992,23570.0
Cell_403,0,GABAergic,1995,23446.0
Cell_404,0,Microglia,1996,23324.0
Cell_405,0,GABAergic,1993,23422.0
Cell_406,0,Neurons,1988,23212.0
Cell_407,0,GABAergic,1995,23416.0
Cell_408,0,GABAergic,1997,23437.0
Cell_409,0,Oligodendrocytes,1994,23357.0
Cell_410,0,GABAergic,1997,23675.0
Cell_412,0,GABAergic,1992,22898.0
Cell_413,0,Astrocytes,1997,23282.0
Cell_414,0,Oligodendrocytes,1992,23099.0
Cell_415,0,GABAergic,1996,22662.0
Cell_417,0,Neurons,1997,23031.0
Cell_419,0,Oligodendrocytes,1997,23434.0
Cell_420,0,Neurons,1995,23401.0
Cell_421,0,Neurons,1996,23388.0
Cell_422,0,Microglia,1998,23136.0
Cell_423,0,Astrocytes,1992,22963.0
Cell_425,0,GABAergic,1996,23080.0
Cell_426,0,Oligodendrocytes,1994,23479.0
Cell_427,0,Neurons,1991,23607.0
Cell_429,0,Neurons,1994,23674.0
Cell_430,0,GABAergic,1997,23253.0
Cell_431,0,Microglia,1992,23068.0
Cell_433,0,GABAergic,1996,22905.0
Cell_434,0,Endothelial,1990,23479.0
Cell_435,0,Astrocytes,1995,22943.0
Cell_436,0,GABAergic,1989,23160.0
Cell_437,0,Neurons,1992,23131.0
Cell_438,0,GABAergic,1994,23399.0
Cell_440,0,Neurons,1991,23725.0
Cell_442,0,Microglia,1994,23078.0
Cell_444,0,Astrocytes,1996,23505.0
Cell_445,0,GABAergic,1994,23314.0
Cell_446,0,Oligodendrocytes,1996,23339.0
Cell_447,0,GABAergic,1994,23304.0
Cell_448,0,Neurons,1996,22846.0
Cell_449,0,GABAergic,1997,23384.0
Cell_452,0,Astrocytes,1997,23193.0
Cell_454,0,Endothelial,1996,23719.0
Cell_455,0,Endothelial,1996,23311.0
Cell_456,0,Astrocytes,1994,23526.0
Cell_457,0,Astrocytes,1992,23641.0
Cell_458,0,Microglia,1996,23763.0
Cell_459,0,Microglia,1997,23350.0
Cell_462,0,Neurons,1996,23539.0
Cell_463,0,Astrocytes,1993,23146.0
Cell_464,0,Astrocytes,1999,23263.0
Cell_466,0,Microglia,1995,23176.0
Cell_467,0,Neurons,1994,23463.0
Cell_468,0,GABAergic,1994,23099.0
Cell_469,0,GABAergic,1995,23531.0
Cell_470,0,Neurons,1999,23168.0
Cell_472,0,Astrocytes,1996,23619.0
Cell_473,0,GABAergic,1993,23705.0
Cell_474,0,Microglia,1991,23525.0
Cell_476,0,Oligodendrocytes,1993,23116.0
Cell_479,0,Oligodendrocytes,1995,23293.0
Cell_480,0,Astrocytes,1994,23510.0
Cell_481,0,Microglia,1995,23635.0
Cell_482,0,GABAergic,1992,22849.0
Cell_483,0,Microglia,1995,23168.0
Cell_484,0,Microglia,1999,23327.0
Cell_485,0,Oligodendrocytes,1994,23351.0
Cell_487,0,Neurons,1992,23044.0
Cell_490,0,Astrocytes,1996,23604.0
Cell_492,0,Endothelial,1998,23777.0
Cell_493,0,Microglia,1998,23152.0
Cell_494,0,Oligodendrocytes,1993,23620.0
Cell_495,0,GABAergic,1993,23232.0
Cell_496,0,Microglia,1996,23471.0
Cell_497,0,Astrocytes,1997,23431.0
Cell_498,0,Endothelial,1997,23627.0
Cell_500,0,Astrocytes,1995,22924.0
Cell_502,0,GABAergic,1996,23444.0
Cell_504,0,Astrocytes,1999,23298.0
Cell_505,0,GABAergic,1993,23341.0
Cell_506,0,Microglia,1998,23608.0
Cell_507,0,Oligodendrocytes,1996,22960.0
Cell_508,0,GABAergic,1997,23125.0
Cell_509,0,GABAergic,1996,23802.0
Cell_510,0,GABAergic,1993,23443.0
Cell_511,0,Microglia,1996,23404.0
Cell_514,0,Astrocytes,1994,23250.0
Cell_515,0,Endothelial,1995,23659.0
Cell_516,0,Neurons,1997,23238.0
Cell_517,0,GABAergic,1995,23057.0
Cell_522,0,Microglia,1994,23514.0
Cell_523,0,Astrocytes,1997,23261.0
Cell_524,0,Microglia,1996,23346.0
Cell_525,0,Microglia,1995,22929.0
Cell_526,0,Neurons,1995,23249.0
Cell_527,0,GABAergic,1998,22876.0
Cell_528,0,Microglia,1993,23699.0
Cell_529,0,Microglia,1993,23448.0
Cell_530,0,Microglia,1992,23255.0
Cell_531,0,Microglia,1997,23252.0
Cell_532,0,Astrocytes,1996,23379.0
Cell_533,0,Endothelial,1994,23534.0
Cell_534,0,Endothelial,1997,23024.0
Cell_536,0,GABAergic,1995,23369.0
Cell_537,0,Neurons,1997,23497.0
Cell_539,0,Endothelial,1998,23246.0
Cell_540,0,GABAergic,1997,23384.0
Cell_541,0,Microglia,1995,23479.0
Cell_542,0,Microglia,1995,23142.0
Cell_545,0,Oligodendrocytes,1997,23289.0
Cell_546,0,GABAergic,1995,23394.0
Cell_547,0,Microglia,1993,23549.0
Cell_550,0,Microglia,1997,22655.0
Cell_551,0,Neurons,1993,23086.0
Cell_552,0,Oligodendrocytes,1998,23550.0
Cell_553,0,Neurons,1993,23550.0
Cell_557,0,Astrocytes,1994,23163.0
Cell_558,0,Neurons,1998,23699.0
Cell_559,0,Microglia,1994,23201.0
Cell_560,0,Neurons,1996,23305.0
Cell_561,0,Neurons,1994,23008.0
Cell_562,0,Microglia,1990,23439.0
Cell_564,0,GABAergic,1998,23537.0
Cell_565,0,Astrocytes,1996,23666.0
Cell_566,0,GABAergic,1997,22782.0
Cell_567,0,Oligodendrocytes,1994,23242.0
Cell_568,0,Microglia,1994,23016.0
Cell_569,0,Microglia,1998,23345.0
Cell_571,0,Neurons,1996,24018.0
Cell_572,0,Neurons,1994,23068.0
Cell_573,0,GABAergic,1997,23705.0
Cell_574,0,Microglia,1995,22789.0
Cell_577,0,Neurons,1996,23938.0
Cell_578,0,Microglia,1993,23963.0
Cell_581,0,Oligodendrocytes,1993,23082.0
Cell_582,0,Oligodendrocytes,1995,23121.0
Cell_584,0,Microglia,1997,23525.0
Cell_587,0,GABAergic,1996,23252.0
Cell_590,0,Microglia,1993,23509.0
Cell_591,0,Microglia,1995,23583.0
Cell_592,0,GABAergic,1995,23438.0
Cell_593,0,GABAergic,1993,23347.0
Cell_594,0,Microglia,1997,23408.0
Cell_595,0,Microglia,1996,23326.0
Cell_596,0,Astrocytes,1993,23493.0
Cell_597,0,GABAergic,1996,23541.0
Cell_598,0,GABAergic,1995,23043.0
Cell_599,0,Neurons,1993,23234.0
Cell_600,0,Neurons,1995,23168.0
Cell_601,0,Endothelial,1998,22936.0
Cell_603,0,Neurons,1990,23323.0
Cell_605,0,Neurons,1995,23304.0
Cell_607,0,Astrocytes,1996,23207.0
Cell_608,0,Oligodendrocytes,1995,23103.0
Cell_609,0,GABAergic,1995,23419.0
Cell_610,0,GABAergic,1997,23723.0
Cell_611,0,GABAergic,1991,23026.0
Cell_612,0,Oligodendrocytes,1996,23732.0
Cell_613,0,GABAergic,1992,22873.0
Cell_615,0,GABAergic,1998,23572.0
Cell_616,0,Endothelial,1991,23679.0
Cell_617,0,Neurons,1995,23970.0
Cell_619,0,Oligodendrocytes,1995,23330.0
Cell_620,0,Microglia,1995,23118.0
Cell_621,0,GABAergic,1995,23398.0
Cell_624,0,Neurons,1996,23854.0
Cell_625,0,GABAergic,1995,23982.0
Cell_626,0,Microglia,1997,23185.0
Cell_627,0,Astrocytes,1993,23378.0
Cell_628,0,Astrocytes,1992,23257.0
Cell_629,0,Astrocytes,1997,23383.0
Cell_631,0,Microglia,1996,23183.0
Cell_632,0,Endothelial,1996,23079.0
Cell_633,0,Microglia,1994,23301.0
Cell_634,0,GABAergic,1999,23054.0
Cell_635,0,Microglia,1992,23309.0
Cell_637,0,GABAergic,1996,23321.0
Cell_638,0,Oligodendrocytes,1994,23644.0
Cell_639,0,Endothelial,1992,23350.0
Cell_640,0,Oligodendrocytes,1995,23414.0
Cell_641,0,Endothelial,1995,23042.0
Cell_643,0,Microglia,1994,23471.0
Cell_644,0,Oligodendrocytes,1998,24061.0
Cell_646,0,GABAergic,1997,22825.0
Cell_647,0,GABAergic,1995,23260.0
Cell_648,0,GABAergic,1996,23372.0
Cell_650,0,Oligodendrocytes,1995,23572.0
Cell_651,0,Astrocytes,1998,23451.0
Cell_652,0,Neurons,1995,23063.0
Cell_653,0,Microglia,1997,23176.0
Cell_654,0,Neurons,1998,23567.0
Cell_657,0,Endothelial,1993,23563.0
Cell_658,0,GABAergic,1994,23875.0
Cell_659,0,GABAergic,1998,23643.0
Cell_660,0,Microglia,1994,22972.0
Cell_661,0,Oligodendrocytes,1997,23125.0
Cell_663,0,Neurons,1996,23422.0
Cell_664,0,Microglia,1993,23165.0
Cell_665,0,Endothelial,2000,23382.0
Cell_668,0,GABAergic,1995,23577.0
Cell_669,0,Microglia,1995,23231.0
Cell_670,0,Microglia,2000,23618.0
Cell_673,0,Astrocytes,1994,23056.0
Cell_674,0,Neurons,1999,23161.0
Cell_675,0,Neurons,1995,23809.0
Cell_676,0,Endothelial,1996,23352.0
Cell_677,0,Microglia,1993,23017.0
Cell_678,0,GABAergic,1997,22946.0
Cell_679,0,Microglia,1996,23316.0
Cell_681,0,Oligodendrocytes,1999,23209.0
Cell_682,0,Microglia,1996,22803.0
Cell_683,0,Endothelial,1996,23270.0
Cell_684,0,Microglia,1992,22982.0
Cell_685,0,GABAergic,1997,23146.0
Cell_686,0,Endothelial,1998,22917.0
Cell_687,0,GABAergic,1996,23530.0
Cell_688,0,Endothelial,1996,23164.0
Cell_689,0,Microglia,1989,22869.0
Cell_690,0,GABAergic,1991,23454.0
Cell_691,0,Microglia,1996,22886.0
Cell_692,0,GABAergic,1995,23403.0
Cell_693,0,Microglia,1992,23105.0
Cell_694,0,Microglia,1993,23038.0
Cell_696,0,Neurons,1995,23253.0
Cell_697,0,Neurons,1998,23445.0
Cell_698,0,Microglia,1993,23441.0
Cell_699,0,Microglia,1996,23286.0
Cell_700,0,Oligodendrocytes,1997,23306.0
Cell_701,0,Astrocytes,1997,23495.0
Cell_702,0,Endothelial,1993,23266.0
Cell_703,0,Astrocytes,1992,23871.0
Cell_706,0,Endothelial,1995,23227.0
Cell_708,0,Microglia,1997,23494.0
Cell_709,0,GABAergic,1998,23040.0
Cell_710,0,Neurons,1994,22970.0
Cell_711,0,Oligodendrocytes,1996,23347.0
Cell_712,0,Neurons,1998,23441.0
Cell_713,0,GABAergic,1995,23316.0
Cell_715,0,Endothelial,1994,23148.0
Cell_716,0,Microglia,1992,23397.0
Cell_718,0,Oligodendrocytes,1994,23310.0
Cell_720,0,Endothelial,1992,22989.0
Cell_721,0,Microglia,2000,23068.0
Cell_722,0,Microglia,1994,22955.0
Cell_723,0,Oligodendrocytes,1996,23461.0
Cell_724,0,Oligodendrocytes,1995,23202.0
Cell_725,0,GABAergic,1995,23073.0
Cell_726,0,Neurons,1999,23210.0
Cell_727,0,GABAergic,1992,23223.0
Cell_728,0,Astrocytes,1997,23243.0
Cell_730,0,Oligodendrocytes,1991,23898.0
Cell_731,0,GABAergic,1994,23707.0
Cell_733,0,GABAergic,1996,23715.0
Cell_734,0,GABAergic,1994,23141.0
Cell_735,0,Microglia,1996,23426.0
Cell_737,0,Astrocytes,1993,23172.0
Cell_738,0,GABAergic,1998,23139.0
Cell_739,0,Microglia,1997,23260.0
Cell_740,0,Neurons,1997,23662.0
Cell_742,0,Microglia,1998,23084.0
Cell_743,0,Oligodendrocytes,1999,23673.0
Cell_745,0,GABAergic,1994,23561.0
Cell_746,0,Endothelial,1997,23605.0
Cell_748,0,Neurons,1998,23687.0
Cell_749,0,Neurons,1998,22732.0
Cell_750,0,Oligodendrocytes,1995,23353.0
Cell_751,0,GABAergic,1997,23705.0
Cell_752,0,Oligodendrocytes,1996,23398.0
Cell_753,0,Astrocytes,1996,23566.0
Cell_754,0,Astrocytes,1998,23292.0
Cell_755,0,Astrocytes,1995,23194.0
Cell_756,0,GABAergic,1994,23438.0
Cell_757,0,Microglia,1993,23170.0
Cell_760,0,Microglia,1995,23890.0
Cell_762,0,Neurons,1996,23306.0
Cell_763,0,Neurons,1993,23822.0
Cell_769,0,GABAergic,1993,22916.0
Cell_770,0,Endothelial,1995,23337.0
Cell_771,0,Astrocytes,1997,23206.0
Cell_772,0,Neurons,1994,22750.0
Cell_773,0,Neurons,1993,23504.0
Cell_775,0,Microglia,1998,23583.0
Cell_777,0,Oligodendrocytes,1995,23669.0
Cell_778,0,GABAergic,1996,23501.0
Cell_779,0,Endothelial,1994,23368.0
Cell_781,0,Microglia,1994,23406.0
Cell_784,0,Microglia,1996,23442.0
Cell_785,0,Neurons,1995,22820.0
Cell_790,0,Microglia,1995,23553.0
Cell_791,0,Microglia,1991,23456.0
Cell_792,0,Oligodendrocytes,1998,23515.0
Cell_795,0,GABAergic,1995,23225.0
Cell_796,0,GABAergic,1994,23278.0
Cell_798,0,Microglia,1999,23526.0
Cell_799,0,Neurons,1997,23348.0
Cell_800,0,Endothelial,1993,22806.0
Cell_801,0,Microglia,1998,23929.0
Cell_802,0,GABAergic,1996,23309.0
Cell_803,0,Microglia,1993,23533.0
Cell_807,0,Neurons,1995,23289.0
Cell_808,0,Neurons,1995,23337.0
Cell_809,0,Neurons,1997,23387.0
Cell_810,0,GABAergic,1996,23172.0
Cell_814,0,GABAergic,1998,23085.0
Cell_815,0,Endothelial,1997,22852.0
Cell_817,0,Oligodendrocytes,1992,23326.0
Cell_818,0,Microglia,1997,23037.0
Cell_820,0,GABAergic,1994,23313.0
Cell_821,0,Neurons,1993,23041.0
Cell_822,0,Oligodendrocytes,1995,22899.0
Cell_823,0,Neurons,1997,23738.0
Cell_824,0,Neurons,1994,23467.0
Cell_825,0,Astrocytes,1991,23087.0
Cell_826,0,Endothelial,1994,23473.0
Cell_827,0,Microglia,1995,23349.0
Cell_828,0,GABAergic,1993,23738.0
Cell_829,0,GABAergic,1997,23608.0
Cell_830,0,Microglia,1998,23342.0
Cell_831,0,Microglia,1993,23503.0
Cell_832,0,Neurons,1988,22937.0
Cell_833,0,Microglia,1996,23243.0
Cell_834,0,Microglia,1993,23263.0
Cell_835,0,Endothelial,1996,23215.0
Cell_836,0,Oligodendrocytes,1995,23145.0
Cell_837,0,Microglia,1997,23399.0
Cell_838,0,Endothelial,1998,23133.0
Cell_840,0,Oligodendrocytes,1997,23157.0
Cell_842,0,Endothelial,1993,23038.0
Cell_844,0,Microglia,1998,23615.0
Cell_845,0,GABAergic,1997,23027.0
Cell_847,0,Oligodendrocytes,1995,23293.0
Cell_848,0,Neurons,1993,23398.0
Cell_849,0,Endothelial,1994,23013.0
Cell_850,0,Microglia,1997,22648.0
Cell_851,0,GABAergic,1997,22784.0
Cell_852,0,GABAergic,1997,23857.0
Cell_853,0,Neurons,1997,23317.0
Cell_854,0,Neurons,1997,23237.0
Cell_855,0,Oligodendrocytes,1994,23641.0
Cell_856,0,GABAergic,1997,23063.0
Cell_857,0,Microglia,1994,23564.0
Cell_859,0,Neurons,1998,23555.0
Cell_860,0,Astrocytes,1995,23201.0
Cell_862,0,Endothelial,1988,23104.0
Cell_863,0,Neurons,1997,23198.0
Cell_865,0,Microglia,1994,23223.0
Cell_866,0,GABAergic,1995,23485.0
Cell_867,0,GABAergic,1996,23615.0
Cell_868,0,GABAergic,1997,22936.0
Cell_870,0,Astrocytes,1995,23531.0
Cell_871,0,Microglia,1997,23444.0
Cell_872,0,Microglia,1993,23145.0
Cell_873,0,GABAergic,1998,22971.0
Cell_874,0,GABAergic,1992,22937.0
Cell_876,0,GABAergic,1989,23130.0
Cell_877,0,Microglia,1999,23727.0
Cell_878,0,Microglia,1994,23453.0
Cell_879,0,Microglia,1997,23363.0
Cell_880,0,Endothelial,1996,23597.0
Cell_881,0,Microglia,1996,23696.0
Cell_882,0,Microglia,1996,23626.0
Cell_884,0,Astrocytes,1994,22849.0
Cell_885,0,Astrocytes,1993,23276.0
Cell_887,0,Endothelial,1996,23528.0
Cell_888,0,Oligodendrocytes,1994,23232.0
Cell_891,0,GABAergic,1990,23006.0
Cell_892,0,Neurons,1993,23435.0
Cell_893,0,Endothelial,1994,23819.0
Cell_894,0,GABAergic,1996,23189.0
Cell_895,0,Microglia,1993,23339.0
Cell_896,0,Microglia,1999,22962.0
Cell_897,0,Microglia,1993,23239.0
Cell_900,0,GABAergic,1996,22913.0
Cell_901,0,Microglia,1993,23226.0
Cell_902,0,Endothelial,1996,23349.0
Cell_903,0,Astrocytes,1995,23212.0
Cell_904,0,Endothelial,1993,22881.0
Cell_905,0,GABAergic,1995,23514.0
Cell_907,0,Microglia,1994,23728.0
Cell_908,0,GABAergic,1997,23439.0
Cell_909,0,GABAergic,1991,22650.0
Cell_911,0,Microglia,1993,23621.0
Cell_912,0,GABAergic,1992,23663.0
Cell_913,0,Microglia,1999,23241.0
Cell_915,0,Microglia,1998,23176.0
Cell_916,0,Endothelial,1999,23133.0
Cell_917,0,Oligodendrocytes,1993,23364.0
Cell_918,0,Microglia,1994,23176.0
Cell_920,0,Microglia,1994,23386.0
Cell_921,0,GABAergic,1992,23642.0
Cell_922,0,Neurons,1998,23727.0
Cell_923,0,GABAergic,1995,23355.0
Cell_924,0,GABAergic,1995,23044.0
Cell_925,0,Astrocytes,1997,23596.0
Cell_927,0,Microglia,1996,23249.0
Cell_929,0,Endothelial,1992,23275.0
Cell_931,0,GABAergic,1996,23285.0
Cell_934,0,GABAergic,1998,23398.0
Cell_937,0,Neurons,1997,23239.0
Cell_938,0,Astrocytes,1995,23574.0
Cell_939,0,GABAergic,1993,23597.0
Cell_940,0,Endothelial,1994,23731.0
Cell_941,0,Oligodendrocytes,1993,23163.0
Cell_942,0,Microglia,1997,23435.0
Cell_944,0,GABAergic,1993,23445.0
Cell_946,0,GABAergic,1994,23553.0
Cell_948,0,Microglia,1994,23211.0
Cell_949,0,Endothelial,1995,23297.0
Cell_951,0,GABAergic,1995,23082.0
Cell_953,0,Microglia,1992,23086.0
Cell_954,0,Endothelial,1992,23364.0
Cell_956,0,Astrocytes,1994,23198.0
Cell_957,0,GABAergic,1996,23868.0
Cell_958,0,Neurons,1998,23971.0
Cell_959,0,Oligodendrocytes,1998,23565.0
Cell_961,0,Microglia,1998,22971.0
Cell_962,0,Microglia,1997,23624.0
Cell_963,0,Neurons,1996,23302.0
Cell_964,0,Astrocytes,1990,23028.0
Cell_967,0,Astrocytes,1997,23237.0
Cell_968,0,GABAergic,1993,23123.0
Cell_969,0,GABAergic,1999,23381.0
Cell_970,0,GABAergic,1994,23015.0
Cell_973,0,Endothelial,1998,23078.0
Cell_974,0,Oligodendrocytes,1991,23374.0
Cell_975,0,Oligodendrocytes,1996,23394.0
Cell_976,0,Neurons,1994,23456.0
Cell_977,0,GABAergic,1991,23073.0
Cell_978,0,GABAergic,1997,23340.0
Cell_980,0,Microglia,1997,23412.0
Cell_981,0,Astrocytes,1998,23189.0
Cell_983,0,Neurons,1994,23513.0
Cell_984,0,Astrocytes,1994,23047.0
Cell_985,0,Neurons,1994,23261.0
Cell_986,0,Oligodendrocytes,1997,23382.0
Cell_987,0,GABAergic,1997,23792.0
Cell_988,0,GABAergic,1995,22823.0
Cell_989,0,Microglia,1989,23190.0
Cell_993,0,Microglia,1999,23412.0
Cell_994,0,Astrocytes,1995,23151.0
Cell_995,0,Neurons,1994,23090.0
Cell_996,0,Neurons,1994,23094.0
Cell_997,0,GABAergic,1997,23084.0
Cell_998,0,GABAergic,1996,22927.0
Cell_1001,0,Neurons,1997,23238.0
Cell_1003,0,Microglia,1994,23381.0
Cell_1004,0,GABAergic,1997,23328.0
Cell_1005,0,GABAergic,1993,23580.0
Cell_1006,0,Astrocytes,1991,22892.0
Cell_1007,0,Oligodendrocytes,1998,23289.0
Cell_1008,0,Microglia,1992,23572.0
Cell_1009,0,Oligodendrocytes,1992,23192.0
Cell_1010,0,Microglia,1993,23560.0
Cell_1012,0,Neurons,1997,23469.0
Cell_1014,0,Microglia,1993,23510.0
Cell_1015,0,Oligodendrocytes,1995,22959.0
Cell_1016,0,Neurons,1995,23613.0
Cell_1017,0,Endothelial,1997,23258.0
Cell_1019,0,Endothelial,1993,22917.0
Cell_1020,0,Astrocytes,1996,23426.0
Cell_1021,0,Astrocytes,1999,23486.0
Cell_1022,0,Endothelial,1998,23568.0
Cell_1023,0,Oligodendrocytes,1995,23320.0
Cell_1024,0,Neurons,1994,23373.0
Cell_1025,0,Endothelial,1996,22936.0
Cell_1026,0,GABAergic,1996,23021.0
Cell_1027,0,Endothelial,1996,23628.0
Cell_1029,0,Astrocytes,1995,23632.0
Cell_1031,0,Astrocytes,1993,23302.0
Cell_1033,0,GABAergic,1996,23142.0
Cell_1034,0,Oligodendrocytes,1998,23916.0
Cell_1035,0,Neurons,1996,23475.0
Cell_1036,0,Oligodendrocytes,1992,23591.0
Cell_1037,0,Endothelial,1992,23093.0
Cell_1039,0,Microglia,1997,23268.0
Cell_1040,0,GABAergic,1997,23998.0
Cell_1041,0,GABAergic,1998,23791.0
Cell_1042,0,Astrocytes,1993,23422.0
Cell_1043,0,GABAergic,1996,23581.0
Cell_1044,0,Astrocytes,1995,23253.0
Cell_1046,0,Microglia,1996,23408.0
Cell_1047,0,GABAergic,1996,23482.0
Cell_1048,0,GABAergic,1995,23199.0
Cell_1049,0,Microglia,1994,23413.0
Cell_1050,0,GABAergic,1995,23247.0
Cell_1051,0,Astrocytes,1993,23399.0
Cell_1052,0,Endothelial,1993,23108.0
Cell_1053,0,GABAergic,1997,23187.0
Cell_1055,0,Oligodendrocytes,1996,23390.0
Cell_1057,0,GABAergic,1992,23229.0
Cell_1058,0,Endothelial,1996,23663.0
Cell_1059,0,Microglia,1996,23332.0
Cell_1060,0,GABAergic,1996,23163.0
Cell_1061,0,Endothelial,1995,22870.0
Cell_1062,0,Neurons,1991,22901.0
Cell_1063,0,Oligodendrocytes,1993,23240.0
Cell_1064,0,Endothelial,1997,23600.0
Cell_1065,0,Oligodendrocytes,1993,23093.0
Cell_1066,0,Astrocytes,1993,23350.0
Cell_1067,0,Microglia,1996,23037.0
Cell_1068,0,Microglia,1993,22848.0
Cell_1070,0,GABAergic,1994,23283.0
Cell_1071,0,Microglia,1998,23570.0
Cell_1072,0,Neurons,1992,23604.0
Cell_1073,0,Endothelial,1993,23330.0
Cell_1074,0,Microglia,1997,23490.0
Cell_1076,0,Microglia,1997,23595.0
Cell_1077,0,GABAergic,1998,23615.0
Cell_1079,0,Astrocytes,1995,22843.0
Cell_1080,0,Microglia,1997,23387.0
Cell_1083,0,GABAergic,1994,23609.0
Cell_1084,0,Oligodendrocytes,1994,22810.0
Cell_1085,0,GABAergic,1998,23596.0
Cell_1086,0,Microglia,1991,23713.0
Cell_1087,0,Endothelial,1995,23352.0
Cell_1088,0,Microglia,1994,23318.0
Cell_1089,0,Neurons,1993,22979.0
Cell_1090,0,Oligodendrocytes,1996,23486.0
Cell_1091,0,Endothelial,1995,23283.0
Cell_1093,0,Oligodendrocytes,1996,22936.0
Cell_1094,0,Neurons,1998,23592.0
Cell_1096,0,Microglia,1997,24098.0
Cell_1097,0,Microglia,1997,23477.0
Cell_1100,0,Oligodendrocytes,1992,23247.0
Cell_1101,0,GABAergic,1998,23364.0
Cell_1102,0,Endothelial,1994,23380.0
Cell_1103,0,Microglia,1994,23078.0
Cell_1104,0,GABAergic,1999,23063.0
Cell_1105,0,Endothelial,1995,23638.0
Cell_1106,0,Neurons,1996,23290.0
Cell_1108,0,GABAergic,1996,23117.0
Cell_1109,0,Endothelial,1994,23633.0
Cell_1112,0,GABAergic,1996,23012.0
Cell_1114,0,GABAergic,1993,23280.0
Cell_1116,0,Neurons,1997,23620.0
Cell_1117,0,GABAergic,1995,23792.0
Cell_1118,0,Neurons,1992,23189.0
Cell_1119,0,Microglia,1996,22984.0
Cell_1121,0,Endothelial,1995,23677.0
Cell_1124,0,Endothelial,1994,23353.0
Cell_1125,0,Oligodendrocytes,1995,23381.0
Cell_1126,0,Oligodendrocytes,1994,22837.0
Cell_1127,0,Endothelial,1995,23532.0
Cell_1128,0,GABAergic,1999,23415.0
Cell_1129,0,Astrocytes,1995,23408.0
Cell_1130,0,GABAergic,1997,23841.0
Cell_1132,0,GABAergic,1993,23110.0
Cell_1133,0,Oligodendrocytes,1991,23384.0
Cell_1135,0,Oligodendrocytes,1995,23310.0
Cell_1136,0,Oligodendrocytes,1997,23675.0
Cell_1137,0,GABAergic,1992,23467.0
Cell_1138,0,Microglia,1994,23535.0
Cell_1139,0,Neurons,1999,22899.0
Cell_1142,0,GABAergic,1997,23843.0
Cell_1143,0,Oligodendrocytes,1994,23648.0
Cell_1146,0,Endothelial,1996,23485.0
Cell_1148,0,GABAergic,1994,22868.0
Cell_1149,0,GABAergic,1994,23872.0
Cell_1150,0,Astrocytes,1996,22873.0
Cell_1151,0,Microglia,1992,23292.0
Cell_1152,0,GABAergic,1994,23270.0
Cell_1153,0,Astrocytes,1995,23814.0
Cell_1154,0,Microglia,1995,23964.0
Cell_1155,0,Microglia,1997,23418.0
Cell_1157,0,Endothelial,1996,23238.0
Cell_1158,0,Neurons,1998,23532.0
Cell_1159,0,Microglia,1995,23268.0
Cell_1161,0,GABAergic,1989,23599.0
Cell_1162,0,Oligodendrocytes,1993,23752.0
Cell_1163,0,GABAergic,1994,23104.0
Cell_1164,0,Microglia,1999,23057.0
Cell_1165,0,Astrocytes,1995,22753.0
Cell_1166,0,GABAergic,1992,23301.0
Cell_1168,0,GABAergic,1995,23101.0
Cell_1169,0,Microglia,1998,23272.0
Cell_1170,0,Astrocytes,1997,23313.0
Cell_1171,0,Endothelial,1997,22683.0
Cell_1172,0,Endothelial,1993,23422.0
Cell_1173,0,Astrocytes,1999,23208.0
Cell_1174,0,Microglia,1997,23378.0
Cell_1177,0,GABAergic,1996,23559.0
Cell_1178,0,Microglia,1995,23665.0
Cell_1179,0,Astrocytes,1995,23851.0
Cell_1180,0,Endothelial,1996,23276.0
Cell_1183,0,Endothelial,1994,23487.0
Cell_1184,0,GABAergic,1997,23475.0
Cell_1185,0,Endothelial,1994,23503.0
Cell_1187,0,Neurons,1993,23704.0
Cell_1188,0,Oligodendrocytes,1996,23833.0
Cell_1189,0,Astrocytes,1998,23136.0
Cell_1190,0,Microglia,1991,23233.0
Cell_1191,0,Microglia,1995,22936.0
Cell_1192,0,Neurons,1993,23234.0
Cell_1193,0,Microglia,1997,23006.0
Cell_1194,0,Neurons,1996,23554.0
Cell_1195,0,Oligodendrocytes,1998,23245.0
Cell_1197,0,Endothelial,1995,23202.0
Cell_1198,0,Endothelial,1996,22997.0
Cell_1199,0,Endothelial,1996,23324.0
Cell_1200,0,Endothelial,1998,23152.0
Cell_1201,0,GABAergic,1992,23350.0
Cell_1203,0,Oligodendrocytes,1997,23106.0
Cell_1204,0,GABAergic,1995,22928.0
Cell_1205,0,GABAergic,1994,23371.0
Cell_1206,0,GABAergic,1992,23781.0
Cell_1207,0,Microglia,1996,23292.0
Cell_1208,0,Endothelial,1996,23249.0
Cell_1210,0,Oligodendrocytes,1998,23794.0
Cell_1211,0,GABAergic,1993,22699.0
Cell_1212,0,GABAergic,1992,23412.0
Cell_1213,0,Microglia,2000,22979.0
Cell_1214,0,Microglia,1998,23234.0
Cell_1215,0,Microglia,1995,23861.0
Cell_1216,0,Oligodendrocytes,1995,22967.0
Cell_1217,0,Microglia,1995,23146.0
Cell_1218,0,Microglia,1993,23348.0
Cell_1219,0,GABAergic,1994,23359.0
Cell_1220,0,GABAergic,1997,23861.0
Cell_1221,0,GABAergic,1994,23565.0
Cell_1222,0,Microglia,1993,23626.0
Cell_1223,0,Endothelial,1993,23715.0
Cell_1224,0,Endothelial,1993,23395.0
Cell_1226,0,Oligodendrocytes,1995,23481.0
Cell_1227,0,GABAergic,1995,23368.0
Cell_1228,0,Oligodendrocytes,1996,23216.0
Cell_1229,0,Microglia,1993,22940.0
Cell_1231,0,Microglia,1996,22893.0
Cell_1232,0,Astrocytes,1994,23289.0
Cell_1233,0,GABAergic,1997,23039.0
Cell_1237,0,Astrocytes,1995,23446.0
Cell_1238,0,Astrocytes,1993,23003.0
Cell_1239,0,Neurons,1998,23707.0
Cell_1240,0,Endothelial,1994,23291.0
Cell_1241,0,Microglia,1990,22871.0
Cell_1242,0,GABAergic,1995,23100.0
Cell_1243,0,Endothelial,1995,23278.0
Cell_1248,0,Oligodendrocytes,1999,23488.0
Cell_1250,0,Oligodendrocytes,1996,23248.0
Cell_1251,0,Microglia,1997,22964.0
Cell_1252,0,Astrocytes,1996,22960.0
Cell_1253,0,Astrocytes,1995,23658.0
Cell_1255,0,Neurons,1996,23147.0
Cell_1256,0,GABAergic,1994,23892.0
Cell_1257,0,Microglia,1996,22882.0
Cell_1258,0,Neurons,1994,23692.0
Cell_1259,0,Microglia,1993,23096.0
Cell_1260,0,Oligodendrocytes,1996,23209.0
Cell_1261,0,GABAergic,1992,23113.0
Cell_1262,0,GABAergic,1993,23322.0
Cell_1263,0,GABAergic,1992,23524.0
Cell_1264,0,Neurons,1997,23184.0
Cell_1265,0,GABAergic,1994,23736.0
Cell_1266,0,Microglia,1997,23357.0
Cell_1269,0,Microglia,1999,23820.0
Cell_1270,0,Astrocytes,1997,23298.0
Cell_1271,0,Neurons,1995,23051.0
Cell_1273,0,Endothelial,1993,23534.0
Cell_1275,0,Microglia,1995,22922.0
Cell_1276,0,Astrocytes,1997,23168.0
Cell_1277,0,GABAergic,1993,23208.0
Cell_1278,0,Endothelial,1993,22899.0
Cell_1279,0,Oligodendrocytes,1998,23242.0
Cell_1281,0,Microglia,1998,23656.0
Cell_1283,0,Astrocytes,1998,23486.0
Cell_1284,0,Neurons,1995,23094.0
Cell_1286,0,Oligodendrocytes,1994,23856.0
Cell_1287,0,GABAergic,1998,23675.0
Cell_1289,0,Endothelial,1997,23108.0
Cell_1290,0,Neurons,1995,23354.0
Cell_1291,0,Astrocytes,1994,23390.0
Cell_1292,0,Astrocytes,1997,23599.0
Cell_1295,0,Microglia,1995,23325.0
Cell_1297,0,GABAergic,1994,23087.0
Cell_1298,0,Microglia,1998,23440.0
Cell_1299,0,Microglia,1993,23675.0
Cell_1300,0,GABAergic,1995,23519.0
Cell_1301,0,Neurons,1994,23334.0
Cell_1302,0,Microglia,1992,23660.0
Cell_1303,0,GABAergic,1989,23327.0
Cell_1304,0,GABAergic,1991,23297.0
Cell_1305,0,Astrocytes,1993,23313.0
Cell_1306,0,Astrocytes,1997,22996.0
Cell_1307,0,Astrocytes,1993,23095.0
Cell_1308,0,GABAergic,1990,23162.0
Cell_1309,0,GABAergic,1996,23350.0
Cell_1311,0,Oligodendrocytes,1998,23067.0
Cell_1313,0,GABAergic,1997,23740.0
Cell_1314,0,GABAergic,1992,23890.0
Cell_1316,0,Oligodendrocytes,1993,22982.0
Cell_1317,0,Microglia,1995,23035.0
Cell_1318,0,Microglia,1998,23649.0
Cell_1319,0,Microglia,1993,23120.0
Cell_1320,0,Endothelial,1994,22858.0
Cell_1321,0,Neurons,1995,22860.0
Cell_1322,0,GABAergic,1996,23399.0
Cell_1324,0,Microglia,1991,23873.0
Cell_1325,0,Microglia,1997,23043.0
Cell_1328,0,GABAergic,1996,23193.0
Cell_1329,0,Neurons,1997,23265.0
Cell_1330,0,Neurons,1995,23212.0
Cell_1331,0,GABAergic,1997,23928.0
Cell_1332,0,Neurons,1994,23495.0
Cell_1333,0,GABAergic,1996,23464.0
Cell_1334,0,Neurons,1991,23120.0
Cell_1336,0,Neurons,1997,23153.0
Cell_1337,0,Microglia,1993,23482.0
Cell_1338,0,Endothelial,1988,23332.0
Cell_1339,0,Astrocytes,1997,22923.0
Cell_1340,0,Neurons,1994,23248.0
Cell_1342,0,GABAergic,1994,23250.0
Cell_1343,0,Neurons,1993,23507.0
Cell_1344,0,Neurons,1997,23754.0
Cell_1346,0,GABAergic,1995,23407.0
Cell_1347,0,Endothelial,1995,23577.0
Cell_1349,0,GABAergic,1994,23272.0
Cell_1350,0,Astrocytes,1994,22677.0
Cell_1351,0,Microglia,1996,23626.0
Cell_1352,0,Microglia,1999,23259.0
Cell_1353,0,Neurons,1995,23387.0
Cell_1354,0,Endothelial,1992,23720.0
Cell_1355,0,Astrocytes,1996,23894.0
Cell_1356,0,Microglia,1997,23631.0
Cell_1357,0,GABAergic,1997,23421.0
Cell_1359,0,GABAergic,1996,23875.0
Cell_1361,0,GABAergic,1998,23499.0
Cell_1362,0,Neurons,1996,23216.0
Cell_1363,0,GABAergic,1992,22992.0
Cell_1364,0,Microglia,1996,23531.0
Cell_1365,0,GABAergic,1998,22846.0
Cell_1366,0,Neurons,1994,23281.0
Cell_1367,0,Astrocytes,1997,23176.0
Cell_1368,0,Microglia,1998,23779.0
Cell_1369,0,GABAergic,1994,23176.0
Cell_1370,0,Endothelial,1999,23919.0
Cell_1371,0,Endothelial,1991,23236.0
Cell_1372,0,Endothelial,1996,24028.0
Cell_1373,0,Endothelial,1992,23328.0
Cell_1374,0,Endothelial,1998,23442.0
Cell_1375,0,Endothelial,1996,23471.0
Cell_1376,0,GABAergic,1996,23809.0
Cell_1377,0,Microglia,1997,23743.0
Cell_1380,0,Endothelial,1992,23367.0
Cell_1381,0,GABAergic,1992,23059.0
Cell_1382,0,Microglia,1990,23511.0
Cell_1383,0,Microglia,1997,23508.0
Cell_1384,0,Microglia,1996,23557.0
Cell_1385,0,Microglia,1994,23699.0
Cell_1387,0,Astrocytes,1996,23296.0
Cell_1388,0,Microglia,1994,23260.0
Cell_1392,0,Microglia,1992,22976.0
Cell_1393,0,Microglia,1991,22865.0
Cell_1394,0,Neurons,1993,23169.0
Cell_1395,0,Oligodendrocytes,1993,23783.0
Cell_1396,0,Oligodendrocytes,1995,23396.0
Cell_1397,0,Microglia,1993,23466.0
Cell_1398,0,GABAergic,1997,23343.0
Cell_1400,0,Oligodendrocytes,1993,23340.0
Cell_1402,0,Astrocytes,1997,23446.0
Cell_1403,0,Microglia,1992,23440.0
Cell_1405,0,Microglia,1993,23644.0
Cell_1406,0,GABAergic,1995,23554.0
Cell_1407,0,Endothelial,1997,23251.0
Cell_1409,0,Endothelial,1993,23190.0
Cell_1410,0,Neurons,1997,23442.0
Cell_1411,0,Microglia,1996,23361.0
Cell_1412,0,Microglia,1992,23124.0
Cell_1413,0,Astrocytes,1998,23497.0
Cell_1417,0,Endothelial,1997,23494.0
Cell_1418,0,Microglia,1997,23422.0
Cell_1420,0,GABAergic,1997,23364.0
Cell_1422,0,Astrocytes,1994,23304.0
Cell_1423,0,GABAergic,1995,23162.0
Cell_1424,0,GABAergic,1995,22889.0
Cell_1425,0,Endothelial,1999,23644.0
Cell_1426,0,Oligodendrocytes,1994,23347.0
Cell_1427,0,Oligodendrocytes,1994,23165.0
Cell_1428,0,GABAergic,1993,23218.0
Cell_1430,0,Oligodendrocytes,1999,23422.0
Cell_1431,0,Neurons,1993,23420.0
Cell_1432,0,Neurons,1992,23262.0
Cell_1433,0,Microglia,1995,23654.0
Cell_1434,0,Astrocytes,1995,23303.0
Cell_1435,0,Neurons,1998,23081.0
Cell_1437,0,Microglia,1995,23500.0
Cell_1438,0,Microglia,1998,23719.0
Cell_1440,0,GABAergic,1997,23306.0
Cell_1441,0,GABAergic,1995,23876.0
Cell_1442,0,Microglia,1997,23724.0
Cell_1443,0,Microglia,1999,23206.0
Cell_1444,0,Astrocytes,1995,23308.0
Cell_1445,0,GABAergic,1994,23147.0
Cell_1446,0,Neurons,1994,23827.0
Cell_1447,0,Microglia,1996,23152.0
Cell_1450,0,Microglia,1995,22871.0
Cell_1451,0,GABAergic,1996,23842.0
Cell_1452,0,Oligodendrocytes,1995,23561.0
Cell_1453,0,Oligodendrocytes,1997,23658.0
Cell_1454,0,Microglia,1992,22949.0
Cell_1455,0,Astrocytes,1996,23330.0
Cell_1456,0,Endothelial,1993,22703.0
Cell_1457,0,Oligodendrocytes,1996,22961.0
Cell_1459,0,GABAergic,1998,23290.0
Cell_1462,0,Endothelial,1993,23646.0
Cell_1463,0,Astrocytes,1994,23378.0
Cell_1464,0,GABAergic,1998,23458.0
Cell_1465,0,Microglia,1991,22960.0
Cell_1466,0,GABAergic,1995,23942.0
Cell_1467,0,GABAergic,1997,23188.0
Cell_1469,0,GABAergic,1992,23095.0
Cell_1470,0,Oligodendrocytes,1994,23469.0
Cell_1471,0,GABAergic,1995,23303.0
Cell_1475,0,GABAergic,1995,23488.0
Cell_1476,0,GABAergic,1994,23081.0
Cell_1477,0,Astrocytes,1995,23401.0
Cell_1479,0,Endothelial,1999,23232.0
Cell_1480,0,Endothelial,1996,23859.0
Cell_1482,0,Neurons,1996,23502.0
Cell_1483,0,Endothelial,1995,23498.0
Cell_1485,0,Microglia,1995,23254.0
Cell_1486,0,Endothelial,1991,22944.0
Cell_1487,0,Microglia,1991,23578.0
Cell_1488,0,Endothelial,1999,22832.0
Cell_1489,0,GABAergic,1994,23605.0
Cell_1491,0,Microglia,1992,22881.0
Cell_1492,0,Oligodendrocytes,1995,23032.0
Cell_1493,0,Neurons,1996,23391.0
Cell_1494,0,GABAergic,1988,23105.0
Cell_1495,0,Endothelial,1992,22962.0
Cell_1496,0,GABAergic,1995,23938.0
Cell_1499,0,Endothelial,1998,23217.0
Cell_1500,0,Neurons,1994,23228.0
Cell_1502,0,GABAergic,1993,23318.0
Cell_1503,0,Endothelial,1998,23071.0
Cell_1504,0,Neurons,1994,23353.0
Cell_1505,0,Microglia,1995,23316.0
Cell_1506,0,Endothelial,1996,22770.0
Cell_1507,0,GABAergic,1994,23436.0
Cell_1509,0,Neurons,1997,23433.0
Cell_1510,0,Neurons,1997,23370.0
Cell_1511,0,GABAergic,1994,23201.0
Cell_1512,0,Neurons,1997,23520.0
Cell_1513,0,Microglia,1992,22917.0
Cell_1514,0,Endothelial,1990,23550.0
Cell_1515,0,GABAergic,1994,23137.0
Cell_1516,0,Oligodendrocytes,1997,23500.0
Cell_1518,0,GABAergic,1993,23614.0
Cell_1520,0,Neurons,1995,22593.0
Cell_1521,0,GABAergic,1993,23410.0
Cell_1522,0,Endothelial,1995,23820.0
Cell_1523,0,GABAergic,1997,22985.0
Cell_1526,0,Neurons,1993,23021.0
Cell_1527,0,Astrocytes,1994,23329.0
Cell_1528,0,Endothelial,1992,23410.0
Cell_1529,0,Microglia,1997,23300.0
Cell_1531,0,Microglia,1993,23757.0
Cell_1532,0,Microglia,1993,23069.0
Cell_1533,0,Microglia,1996,23828.0
Cell_1535,0,Neurons,1995,22946.0
Cell_1536,0,GABAergic,1998,23302.0
Cell_1537,0,GABAergic,1996,22895.0
Cell_1539,0,Endothelial,1993,23151.0
Cell_1541,0,Endothelial,1998,23564.0
Cell_1543,0,GABAergic,1995,23193.0
Cell_1546,0,GABAergic,1995,23583.0
Cell_1548,0,Astrocytes,1996,23375.0
Cell_1551,0,Oligodendrocytes,1996,23196.0
Cell_1552,0,Oligodendrocytes,1994,23559.0
Cell_1553,0,Endothelial,1995,23073.0
Cell_1555,0,Oligodendrocytes,1997,23167.0
Cell_1557,0,Endothelial,1997,22982.0
Cell_1558,0,Microglia,1993,22983.0
Cell_1560,0,Endothelial,1998,23480.0
Cell_1561,0,GABAergic,1995,23444.0
Cell_1562,0,Astrocytes,1996,23668.0
Cell_1563,0,Microglia,1997,23680.0
Cell_1564,0,Neurons,1996,23318.0
Cell_1565,0,GABAergic,1996,23148.0
Cell_1566,0,Endothelial,1998,23043.0
Cell_1567,0,GABAergic,1991,23162.0
Cell_1568,0,Oligodendrocytes,1999,23060.0
Cell_1570,0,GABAergic,1991,23554.0
Cell_1571,0,GABAergic,1996,23335.0
Cell_1573,0,Microglia,1997,23305.0
Cell_1574,0,Oligodendrocytes,1997,23096.0
Cell_1575,0,Microglia,2000,23008.0
Cell_1576,0,Microglia,1995,23532.0
Cell_1577,0,GABAergic,1996,23041.0
Cell_1578,0,Neurons,1995,23353.0
Cell_1579,0,Endothelial,1990,23197.0
Cell_1580,0,Microglia,1994,23346.0
Cell_1582,0,Microglia,1996,23408.0
Cell_1583,0,GABAergic,1995,23968.0
Cell_1585,0,Oligodendrocytes,1993,23441.0
Cell_1586,0,Endothelial,1995,23116.0
Cell_1587,0,GABAergic,1996,22949.0
Cell_1588,0,Oligodendrocytes,1992,23098.0
Cell_1589,0,Microglia,1999,23172.0
Cell_1590,0,GABAergic,1993,23446.0
Cell_1591,0,Endothelial,1990,22863.0
Cell_1592,0,Astrocytes,1992,23628.0
Cell_1593,0,Microglia,1998,23380.0
Cell_1594,0,Astrocytes,1992,22685.0
Cell_1595,0,Microglia,1995,23887.0
Cell_1597,0,GABAergic,1994,23664.0
Cell_1598,0,Astrocytes,1996,23632.0
Cell_1599,0,GABAergic,1997,23593.0
Cell_1600,0,GABAergic,1990,23063.0
Cell_1602,0,Endothelial,1995,23280.0
Cell_1604,0,Microglia,1995,23448.0
Cell_1605,0,Endothelial,1997,23521.0
Cell_1606,0,GABAergic,1996,23088.0
Cell_1608,0,Neurons,1993,23300.0
Cell_1609,0,GABAergic,1998,23418.0
Cell_1610,0,Microglia,1991,22928.0
Cell_1611,0,Microglia,1995,23554.0
Cell_1612,0,Endothelial,1991,22391.0
Cell_1613,0,Neurons,1993,23531.0
Cell_1614,0,Oligodendrocytes,1994,23029.0
Cell_1615,0,Microglia,1996,23338.0
Cell_1618,0,Microglia,1997,23382.0
Cell_1619,0,GABAergic,1997,23677.0
Cell_1621,0,Astrocytes,1995,23113.0
Cell_1625,0,Microglia,1993,23442.0
Cell_1626,0,Oligodendrocytes,1996,23564.0
Cell_1629,0,Oligodendrocytes,1996,23350.0
Cell_1630,0,Oligodendrocytes,1996,23149.0
Cell_1631,0,GABAergic,1992,23588.0
Cell_1632,0,Microglia,1995,23446.0
Cell_1634,0,GABAergic,1998,23071.0
Cell_1635,0,Microglia,1996,23313.0
Cell_1636,0,GABAergic,1997,23305.0
Cell_1637,0,GABAergic,1995,23767.0
Cell_1638,0,GABAergic,1994,23293.0
Cell_1639,0,Oligodendrocytes,1991,22700.0
Cell_1640,0,Microglia,1994,23448.0
Cell_1641,0,Oligodendrocytes,1993,23003.0
Cell_1643,0,Endothelial,1992,23332.0
Cell_1644,0,Microglia,1995,23463.0
Cell_1645,0,Astrocytes,1997,23297.0
Cell_1647,0,Oligodendrocytes,1996,23858.0
Cell_1648,0,GABAergic,1995,23334.0
Cell_1649,0,GABAergic,1996,23566.0
Cell_1650,0,Oligodendrocytes,1997,23383.0
Cell_1652,0,Oligodendrocytes,1991,23674.0
Cell_1654,0,Neurons,1996,23890.0
Cell_1655,0,GABAergic,1995,23535.0
Cell_1656,0,Microglia,1998,23153.0
Cell_1660,0,Endothelial,1994,23477.0
Cell_1661,0,Endothelial,1995,22966.0
Cell_1663,0,Endothelial,1995,23765.0
Cell_1664,0,Astrocytes,1996,23261.0
Cell_1665,0,Neurons,1996,23264.0
Cell_1666,0,Astrocytes,1999,23910.0
Cell_1667,0,Astrocytes,1997,23704.0
Cell_1670,0,Oligodendrocytes,1993,23378.0
Cell_1671,0,Endothelial,1997,23445.0
Cell_1672,0,Endothelial,1997,23302.0
Cell_1673,0,Oligodendrocytes,1994,23445.0
Cell_1674,0,Microglia,1992,23339.0
Cell_1675,0,GABAergic,1994,23103.0
Cell_1677,0,Neurons,1993,23339.0
Cell_1678,0,Endothelial,1993,22966.0
Cell_1679,0,Microglia,1998,23179.0
Cell_1680,0,Microglia,1998,23362.0
Cell_1681,0,GABAergic,1997,23365.0
Cell_1682,0,Endothelial,1996,23485.0
Cell_1683,0,GABAergic,1992,23013.0
Cell_1685,0,Oligodendrocytes,1995,23225.0
Cell_1686,0,Oligodendrocytes,1999,23892.0
Cell_1687,0,Microglia,1991,23353.0
Cell_1688,0,Neurons,1995,23439.0
Cell_1689,0,Oligodendrocytes,1993,23184.0
Cell_1691,0,Microglia,1992,23475.0
Cell_1692,0,Endothelial,1995,23300.0
Cell_1693,0,Neurons,1996,23418.0
Cell_1694,0,Endothelial,1996,23552.0
Cell_1696,0,Endothelial,1998,23943.0
Cell_1697,0,Microglia,1993,23531.0
Cell_1698,0,Neurons,1998,23490.0
Cell_1700,0,Neurons,1995,23292.0
Cell_1701,0,Oligodendrocytes,1991,23849.0
Cell_1702,0,Neurons,1995,23014.0
Cell_1703,0,Neurons,1997,23290.0
Cell_1705,0,Endothelial,1997,23512.0
Cell_1707,0,Neurons,1998,23233.0
Cell_1708,0,Neurons,1996,23986.0
Cell_1709,0,GABAergic,1996,23308.0
Cell_1710,0,GABAergic,1996,23496.0
Cell_1714,0,Endothelial,1991,22949.0
Cell_1715,0,GABAergic,1996,23766.0
Cell_1716,0,Oligodendrocytes,1998,23114.0
Cell_1717,0,GABAergic,1994,23473.0
Cell_1718,0,GABAergic,1993,23401.0
Cell_1719,0,Microglia,1993,23576.0
Cell_1720,0,Endothelial,1998,23443.0
Cell_1723,0,Endothelial,1997,23350.0
Cell_1724,0,Astrocytes,1995,23543.0
Cell_1725,0,Microglia,1995,23343.0
Cell_1726,0,Endothelial,1995,22963.0
Cell_1728,0,Microglia,1997,23596.0
Cell_1729,0,Neurons,1996,22935.0
Cell_1730,0,Neurons,1997,23447.0
Cell_1731,0,GABAergic,1995,23623.0
Cell_1732,0,Neurons,1997,23496.0
Cell_1733,0,GABAergic,1996,23483.0
Cell_1734,0,Endothelial,1998,23477.0
Cell_1735,0,Microglia,1997,23389.0
Cell_1737,0,GABAergic,1997,22778.0
Cell_1741,0,GABAergic,1992,23559.0
Cell_1745,0,GABAergic,1992,22837.0
Cell_1746,0,GABAergic,1997,23440.0
Cell_1747,0,Microglia,1997,22892.0
Cell_1748,0,Endothelial,1995,23248.0
Cell_1749,0,Microglia,1996,23204.0
Cell_1750,0,GABAergic,1996,23068.0
Cell_1751,0,Oligodendrocytes,1995,23187.0
Cell_1754,0,Neurons,1995,23152.0
Cell_1755,0,Oligodendrocytes,1993,22797.0
Cell_1757,0,Microglia,1995,23187.0
Cell_1758,0,Endothelial,1996,23583.0
Cell_1759,0,GABAergic,1993,22921.0
Cell_1761,0,Microglia,1996,23568.0
Cell_1762,0,GABAergic,1994,23019.0
Cell_1763,0,GABAergic,1989,23330.0
Cell_1764,0,Oligodendrocytes,1992,23448.0
Cell_1765,0,Microglia,1998,23300.0
Cell_1767,0,GABAergic,1986,23270.0
Cell_1768,0,Astrocytes,1997,23126.0
Cell_1769,0,Astrocytes,1996,23170.0
Cell_1770,0,GABAergic,1997,23716.0
Cell_1771,0,GABAergic,1997,23224.0
Cell_1772,0,Astrocytes,1998,23141.0
Cell_1773,0,Endothelial,1997,23559.0
Cell_1774,0,Microglia,1992,22827.0
Cell_1775,0,Microglia,1993,23533.0
Cell_1777,0,GABAergic,1996,23704.0
Cell_1781,0,Endothelial,1996,23205.0
Cell_1782,0,Microglia,1994,23585.0
Cell_1784,0,Oligodendrocytes,1995,23513.0
Cell_1785,0,Microglia,1995,23643.0
Cell_1787,0,Oligodendrocytes,1996,23371.0
Cell_1788,0,Microglia,1991,23261.0
Cell_1790,0,GABAergic,1993,23179.0
Cell_1791,0,Neurons,1994,23642.0
Cell_1792,0,Astrocytes,1993,22814.0
Cell_1793,0,Microglia,1995,23372.0
Cell_1794,0,Microglia,1998,23352.0
Cell_1795,0,GABAergic,1999,23113.0
Cell_1796,0,Endothelial,1996,23151.0
Cell_1797,0,Oligodendrocytes,1997,23100.0
Cell_1798,0,Oligodendrocytes,1995,22745.0
Cell_1800,0,Microglia,1996,23298.0
Cell_1801,0,Microglia,1997,23109.0
Cell_1802,0,GABAergic,1993,23072.0
Cell_1804,0,Oligodendrocytes,1992,23231.0
Cell_1806,0,GABAergic,1995,23242.0
Cell_1807,0,Astrocytes,1996,23120.0
Cell_1808,0,Microglia,1995,23305.0
Cell_1810,0,Endothelial,1995,23236.0
Cell_1812,0,Microglia,1994,23039.0
Cell_1813,0,Neurons,1998,23281.0
Cell_1814,0,Microglia,1992,23530.0
Cell_1815,0,GABAergic,1995,23359.0
Cell_1816,0,Microglia,1995,23163.0
Cell_1817,0,Neurons,1993,23290.0
Cell_1818,0,Microglia,1998,23262.0
Cell_1819,0,Endothelial,1999,23022.0
Cell_1820,0,GABAergic,1999,23165.0
Cell_1823,0,GABAergic,1995,23266.0
Cell_1824,0,Astrocytes,1996,23905.0
Cell_1825,0,GABAergic,1995,23051.0
Cell_1826,0,Microglia,1994,23193.0
Cell_1827,0,Endothelial,1998,23223.0
Cell_1828,0,Microglia,1995,22785.0
Cell_1829,0,Microglia,1997,23391.0
Cell_1830,0,GABAergic,1994,23278.0
Cell_1834,0,Microglia,1991,23346.0
Cell_1835,0,GABAergic,1995,22804.0
Cell_1836,0,Oligodendrocytes,1994,23569.0
Cell_1837,0,Microglia,1998,23673.0
Cell_1838,0,Microglia,1994,22988.0
Cell_1839,0,Astrocytes,1997,23485.0
Cell_1840,0,Microglia,1997,23656.0
Cell_1842,0,Microglia,1993,22885.0
Cell_1843,0,GABAergic,1995,23451.0
Cell_1847,0,Oligodendrocytes,1994,22263.0
Cell_1849,0,Oligodendrocytes,1998,23207.0
Cell_1850,0,GABAergic,1997,23020.0
Cell_1851,0,Neurons,1996,22922.0
Cell_1853,0,Microglia,1999,23312.0
Cell_1854,0,Endothelial,1994,23057.0
Cell_1855,0,GABAergic,1997,22890.0
Cell_1856,0,Neurons,1997,23123.0
Cell_1858,0,Endothelial,1996,23509.0
Cell_1860,0,GABAergic,1992,22662.0
Cell_1861,0,Microglia,1996,23080.0
Cell_1864,0,Microglia,1993,23174.0
Cell_1866,0,GABAergic,1998,23191.0
Cell_1867,0,Endothelial,1995,23184.0
Cell_1868,0,GABAergic,1996,22947.0
Cell_1869,0,GABAergic,1996,23609.0
Cell_1872,0,GABAergic,1995,23024.0
Cell_1873,0,Endothelial,1998,23385.0
Cell_1874,0,Neurons,1996,22789.0
Cell_1875,0,Neurons,1994,23164.0
Cell_1877,0,Microglia,1993,23549.0
Cell_1878,0,Microglia,1992,23563.0
Cell_1880,0,Endothelial,1995,23323.0
Cell_1881,0,Neurons,1998,23418.0
Cell_1882,0,GABAergic,2000,23635.0
Cell_1884,0,Astrocytes,1994,23336.0
Cell_1886,0,Endothelial,1996,23612.0
Cell_1887,0,Neurons,1994,23535.0
Cell_1888,0,Microglia,1992,23404.0
Cell_1889,0,Endothelial,1996,23453.0
Cell_1890,0,GABAergic,1994,23368.0
Cell_1893,0,Microglia,1995,23050.0
Cell_1894,0,Endothelial,1999,23223.0
Cell_1895,0,Oligodendrocytes,1996,22996.0
Cell_1896,0,Oligodendrocytes,1996,23050.0
Cell_1897,0,Astrocytes,1997,23200.0
Cell_1899,0,Endothelial,1995,23487.0
Cell_1900,0,GABAergic,1995,23478.0
Cell_1901,0,Microglia,1993,23427.0
Cell_1902,0,Microglia,1993,23220.0
Cell_1903,0,Endothelial,1995,23580.0
Cell_1904,0,Endothelial,1996,23383.0
Cell_1905,0,Endothelial,1996,23231.0
Cell_1906,0,Neurons,1994,23770.0
Cell_1908,0,Microglia,1992,23667.0
Cell_1909,0,Neurons,1998,23388.0
Cell_1910,0,Endothelial,1998,23436.0
Cell_1911,0,Microglia,1995,23554.0
Cell_1913,0,Neurons,1996,23221.0
Cell_1915,0,Endothelial,1995,23117.0
Cell_1916,0,GABAergic,1996,23751.0
Cell_1917,0,Microglia,1990,23110.0
Cell_1918,0,Microglia,1994,23722.0
Cell_1920,0,Oligodendrocytes,1997,23427.0
Cell_1921,0,Neurons,1997,23322.0
Cell_1924,0,Microglia,1999,23023.0
Cell_1925,0,GABAergic,1993,23128.0
Cell_1926,0,Neurons,1994,23324.0
Cell_1927,0,Microglia,1992,23094.0
Cell_1929,0,Endothelial,1998,23564.0
Cell_1930,0,GABAergic,1997,23534.0
Cell_1931,0,Astrocytes,1995,23492.0
Cell_1933,0,Microglia,1998,23378.0
Cell_1934,0,Microglia,1993,23713.0
Cell_1935,0,GABAergic,1995,23386.0
Cell_1938,0,Oligodendrocytes,1999,23130.0
Cell_1939,0,Neurons,1994,22821.0
Cell_1940,0,Oligodendrocytes,1995,23290.0
Cell_1941,0,Oligodendrocytes,1994,23521.0
Cell_1942,0,GABAergic,1991,22715.0
Cell_1943,0,Neurons,1994,23173.0
Cell_1944,0,Microglia,1993,23586.0
Cell_1945,0,Endothelial,1995,23640.0
Cell_1946,0,GABAergic,1996,23534.0
Cell_1947,0,Neurons,2000,23484.0
Cell_1948,0,Endothelial,1996,23543.0
Cell_1950,0,GABAergic,1996,23642.0
Cell_1951,0,Microglia,1997,23565.0
Cell_1952,0,Neurons,1995,23833.0
Cell_1953,0,Neurons,1992,23041.0
Cell_1954,0,Neurons,1995,23011.0
Cell_1958,0,Microglia,1994,23313.0
Cell_1960,0,Astrocytes,1997,23442.0
Cell_1961,0,Microglia,1994,22636.0
Cell_1962,0,Neurons,1994,23298.0
Cell_1963,0,Oligodendrocytes,1988,22996.0
Cell_1964,0,GABAergic,1995,22880.0
Cell_1965,0,Neurons,1999,23366.0
Cell_1966,0,Endothelial,1993,23107.0
Cell_1968,0,Neurons,1995,23362.0
Cell_1969,0,GABAergic,1997,22903.0
Cell_1970,0,Microglia,1994,22392.0
Cell_1971,0,Microglia,1994,22902.0
Cell_1972,0,Microglia,1998,23241.0
Cell_1975,0,Oligodendrocytes,1997,23306.0
Cell_1976,0,Neurons,1997,23513.0
Cell_1978,0,Neurons,1998,23615.0
Cell_1979,0,Microglia,1996,23269.0
Cell_1980,0,Microglia,1999,22907.0
Cell_1981,0,Microglia,1997,23363.0
Cell_1982,0,Microglia,1994,23568.0
Cell_1983,0,Microglia,1994,23006.0
Cell_1984,0,GABAergic,1992,23035.0
Cell_1985,0,Microglia,1991,23465.0
Cell_1986,0,Neurons,1998,23226.0
Cell_1988,0,Endothelial,1996,23847.0
Cell_1990,0,GABAergic,1996,23488.0
Cell_1991,0,GABAergic,1996,23404.0
Cell_1993,0,Microglia,1992,23219.0
Cell_1994,0,Oligodendrocytes,1996,23345.0
Cell_1996,0,GABAergic,1995,23443.0
Cell_2000,0,Microglia,1998,23306.0
Cell_2002,0,Endothelial,1998,22982.0
Cell_2003,0,Astrocytes,1995,23647.0
Cell_2004,0,Astrocytes,1991,23073.0
Cell_2005,0,Endothelial,1993,23259.0
Cell_2007,0,Neurons,1996,23348.0
Cell_2008,0,Astrocytes,1995,23015.0
Cell_2009,0,Endothelial,1994,23597.0
Cell_2010,0,Neurons,1994,23351.0
Cell_2011,0,Endothelial,1998,23391.0
Cell_2012,0,Neurons,1993,23534.0
Cell_2013,0,Oligodendrocytes,1992,23196.0
Cell_2014,0,Astrocytes,1996,23503.0
Cell_2016,0,Oligodendrocytes,1998,23544.0
Cell_2017,0,GABAergic,1996,23393.0
Cell_2018,0,Microglia,1995,23677.0
Cell_2021,0,Endothelial,1998,23047.0
Cell_2022,0,GABAergic,1995,23312.0
Cell_2024,0,GABAergic,1994,23288.0
Cell_2025,0,Microglia,1995,23534.0
Cell_2026,0,GABAergic,1992,22936.0
Cell_2028,0,Microglia,1996,23738.0
Cell_2030,0,Endothelial,1999,23144.0
Cell_2031,0,Astrocytes,1995,23400.0
Cell_2032,0,GABAergic,1992,23338.0
Cell_2034,0,Astrocytes,1996,23502.0
Cell_2036,0,Microglia,1999,24052.0
Cell_2038,0,GABAergic,1996,23098.0
Cell_2039,0,Microglia,1994,22861.0
Cell_2042,0,Microglia,1996,23564.0
Cell_2043,0,Microglia,1995,23129.0
Cell_2044,0,Microglia,1994,23279.0
Cell_2047,0,GABAergic,1997,23307.0
Cell_2048,0,Neurons,1996,23893.0
Cell_2049,0,Neurons,1999,23167.0
Cell_2050,0,Endothelial,1995,23444.0
Cell_2051,0,Endothelial,1996,23533.0
Cell_2052,0,Microglia,1996,22788.0
Cell_2054,0,GABAergic,1995,23077.0
Cell_2055,0,Microglia,1997,24097.0
Cell_2056,0,Endothelial,1996,23398.0
Cell_2057,0,Oligodendrocytes,1993,23470.0
Cell_2058,0,Microglia,1994,23170.0
Cell_2060,0,Neurons,1999,23538.0
Cell_2061,0,Microglia,1993,23702.0
Cell_2062,0,Microglia,1996,23568.0
Cell_2063,0,GABAergic,1995,23370.0
Cell_2065,0,Astrocytes,1993,23302.0
Cell_2067,0,GABAergic,1996,23476.0
Cell_2069,0,Astrocytes,1992,22845.0
Cell_2070,0,GABAergic,1997,22607.0
Cell_2071,0,Microglia,1996,23385.0
Cell_2072,0,Microglia,1993,23961.0
Cell_2075,0,Neurons,1999,23347.0
Cell_2076,0,Neurons,1993,23104.0
Cell_2077,0,GABAergic,1997,23141.0
Cell_2078,0,Neurons,1998,23536.0
Cell_2079,0,Oligodendrocytes,1997,23130.0
Cell_2081,0,Astrocytes,1993,23138.0
Cell_2082,0,Oligodendrocytes,1995,23061.0
Cell_2083,0,Microglia,1996,23587.0
Cell_2085,0,Neurons,1999,23493.0
Cell_2086,0,GABAergic,1994,23320.0
Cell_2087,0,GABAergic,1992,23327.0
Cell_2088,0,Microglia,1994,23029.0
Cell_2089,0,Astrocytes,1996,23111.0
Cell_2091,0,GABAergic,1996,23311.0
Cell_2093,0,Astrocytes,1999,23288.0
Cell_2094,0,Astrocytes,1995,23367.0
Cell_2095,0,Astrocytes,1995,23194.0
Cell_2097,0,Endothelial,1995,23547.0
Cell_2100,0,GABAergic,1997,23755.0
Cell_2101,0,Astrocytes,1998,23293.0
Cell_2102,0,Astrocytes,1998,23702.0
Cell_2104,0,Oligodendrocytes,1997,23002.0
Cell_2105,0,Endothelial,1992,23415.0
Cell_2106,0,Microglia,1998,23547.0
Cell_2107,0,Endothelial,1996,23535.0
Cell_2108,0,GABAergic,1993,23237.0
Cell_2109,0,Microglia,1993,23162.0
Cell_2110,0,Microglia,1994,23403.0
Cell_2111,0,GABAergic,1999,23108.0
Cell_2113,0,Endothelial,1995,23490.0
Cell_2114,0,GABAergic,1997,23073.0
Cell_2116,0,GABAergic,1996,23086.0
Cell_2117,0,Endothelial,1994,22797.0
Cell_2118,0,Endothelial,1996,23893.0
Cell_2119,0,Oligodendrocytes,1995,23614.0
Cell_2120,0,Microglia,1993,22938.0
Cell_2122,0,Endothelial,1991,23189.0
Cell_2123,0,Astrocytes,1995,23318.0
Cell_2125,0,GABAergic,1995,23479.0
Cell_2127,0,GABAergic,1991,23056.0
Cell_2128,0,Microglia,1993,23739.0
Cell_2129,0,Astrocytes,1998,22983.0
Cell_2131,0,Microglia,1991,23049.0
Cell_2133,0,Neurons,1997,23875.0
Cell_2134,0,Microglia,1992,23562.0
Cell_2135,0,Microglia,1997,22807.0
Cell_2136,0,Endothelial,1996,22793.0
Cell_2137,0,Oligodendrocytes,1999,23282.0
Cell_2138,0,GABAergic,1995,23013.0
Cell_2139,0,GABAergic,1994,23201.0
Cell_2140,0,Oligodendrocytes,1996,23360.0
Cell_2141,0,GABAergic,1997,23479.0
Cell_2142,0,Oligodendrocytes,1992,23168.0
Cell_2143,0,Neurons,1995,23456.0
Cell_2144,0,Microglia,1992,23413.0
Cell_2145,0,Neurons,1996,22979.0
Cell_2146,0,Endothelial,1996,23175.0
Cell_2147,0,Endothelial,1991,23649.0
Cell_2150,0,Endothelial,1998,23109.0
Cell_2151,0,Astrocytes,1996,22765.0
Cell_2152,0,Neurons,1997,23041.0
Cell_2153,0,GABAergic,1998,23685.0
Cell_2154,0,GABAergic,1993,23492.0
Cell_2156,0,GABAergic,1993,23863.0
Cell_2158,0,Endothelial,1995,23420.0
Cell_2159,0,GABAergic,1995,24244.0
Cell_2160,0,Microglia,1992,23544.0
Cell_2162,0,Astrocytes,1996,23126.0
Cell_2164,0,GABAergic,1996,23271.0
Cell_2165,0,Neurons,1997,23297.0
Cell_2166,0,Oligodendrocytes,1998,23244.0
Cell_2167,0,Endothelial,1997,24021.0
Cell_2168,0,GABAergic,1997,22982.0
Cell_2169,0,Microglia,1996,22932.0
Cell_2170,0,Microglia,1994,23585.0
Cell_2171,0,Endothelial,1994,23473.0
Cell_2173,0,Microglia,1998,24028.0
Cell_2174,0,GABAergic,1997,23176.0
Cell_2176,0,Oligodendrocytes,1994,23210.0
Cell_2178,0,Astrocytes,1995,23464.0
Cell_2179,0,Oligodendrocytes,1990,23117.0
Cell_2180,0,Astrocytes,1997,23539.0
Cell_2181,0,Microglia,1997,23429.0
Cell_2182,0,Oligodendrocytes,1997,23280.0
Cell_2183,0,Neurons,1996,23523.0
Cell_2184,0,GABAergic,1995,23277.0
Cell_2185,0,Endothelial,1999,23711.0
Cell_2186,0,Astrocytes,1997,23225.0
Cell_2187,0,Astrocytes,1994,22833.0
Cell_2189,0,Microglia,1991,23189.0
Cell_2190,0,Microglia,1996,22723.0
Cell_2191,0,Microglia,1996,23231.0
Cell_2192,0,Endothelial,2000,23255.0
Cell_2194,0,Astrocytes,1999,23854.0
Cell_2195,0,GABAergic,1995,23432.0
Cell_2196,0,GABAergic,1996,23390.0
Cell_2197,0,Microglia,1991,23635.0
Cell_2198,0,Neurons,1997,23045.0
Cell_2199,0,Microglia,1992,23563.0
Cell_2200,0,Endothelial,1994,23256.0
Cell_2202,0,Oligodendrocytes,1997,22998.0
Cell_2204,0,Neurons,1995,23361.0
Cell_2205,0,Microglia,1993,23353.0
Cell_2207,0,Neurons,1996,23211.0
Cell_2208,0,Oligodendrocytes,1992,22892.0
Cell_2209,0,Neurons,1995,22938.0
Cell_2210,0,Neurons,1995,23036.0
Cell_2211,0,Microglia,1994,23307.0
Cell_2215,0,Neurons,1997,23796.0
Cell_2216,0,Neurons,1995,23067.0
Cell_2217,0,Endothelial,1998,22842.0
Cell_2218,0,Astrocytes,1990,22878.0
Cell_2219,0,Oligodendrocytes,1991,23050.0
Cell_2220,0,GABAergic,1997,23404.0
Cell_2221,0,Neurons,1992,23227.0
Cell_2222,0,Oligodendrocytes,1996,24108.0
Cell_2223,0,Microglia,1994,22868.0
Cell_2224,0,Oligodendrocytes,1996,23593.0
Cell_2225,0,Endothelial,1991,23406.0
Cell_2227,0,Oligodendrocytes,1998,23215.0
Cell_2229,0,Neurons,1994,23431.0
Cell_2231,0,Endothelial,1993,23138.0
Cell_2232,0,Astrocytes,1990,23485.0
Cell_2233,0,GABAergic,1990,23517.0
Cell_2234,0,Astrocytes,1994,23622.0
Cell_2235,0,GABAergic,1996,23148.0
Cell_2236,0,GABAergic,1996,23070.0
Cell_2237,0,Oligodendrocytes,1996,23300.0
Cell_2238,0,GABAergic,1996,23052.0
Cell_2239,0,Neurons,1994,23337.0
Cell_2240,0,Microglia,1999,23896.0
Cell_2241,0,Oligodendrocytes,1995,23084.0
Cell_2244,0,Oligodendrocytes,1996,23531.0
Cell_2245,0,Endothelial,1993,23682.0
Cell_2246,0,GABAergic,1996,23439.0
Cell_2251,0,Microglia,1996,23638.0
Cell_2252,0,Neurons,1993,22775.0
Cell_2253,0,Astrocytes,1992,23023.0
Cell_2254,0,Endothelial,1990,23401.0
Cell_2256,0,GABAergic,1997,23486.0
Cell_2257,0,GABAergic,1998,23452.0
Cell_2258,0,Oligodendrocytes,1993,23438.0
Cell_2260,0,Oligodendrocytes,1995,22838.0
Cell_2261,0,Oligodendrocytes,1995,23510.0
Cell_2263,0,Oligodendrocytes,1997,23197.0
Cell_2264,0,GABAergic,1994,23234.0
Cell_2265,0,Astrocytes,1994,23648.0
Cell_2266,0,Endothelial,1997,23390.0
Cell_2267,0,Neurons,1992,23336.0
Cell_2269,0,Microglia,1995,23086.0
Cell_2270,0,Microglia,1997,23197.0
Cell_2271,0,Astrocytes,1996,23854.0
Cell_2272,0,Endothelial,1992,23337.0
Cell_2273,0,Microglia,1997,23132.0
Cell_2274,0,Endothelial,1997,23340.0
Cell_2276,0,Neurons,1997,22804.0
Cell_2277,0,Neurons,1995,23551.0
Cell_2278,0,Astrocytes,1998,23290.0
Cell_2279,0,GABAergic,1998,23903.0
Cell_2280,0,GABAergic,1998,22695.0
Cell_2281,0,Oligodendrocytes,1992,23363.0
Cell_2282,0,Oligodendrocytes,1998,23308.0
Cell_2283,0,Neurons,1996,24049.0
Cell_2285,0,GABAergic,1995,22760.0
Cell_2287,0,Neurons,1997,23636.0
Cell_2289,0,GABAergic,1998,23318.0
Cell_2290,0,GABAergic,1997,24213.0
Cell_2292,0,GABAergic,1995,22952.0
Cell_2293,0,Microglia,1992,23326.0
Cell_2294,0,Neurons,1996,23099.0
Cell_2295,0,Neurons,1994,23260.0
Cell_2296,0,GABAergic,1997,22668.0
Cell_2297,0,Astrocytes,1997,23301.0
Cell_2298,0,GABAergic,1995,22820.0
Cell_2299,0,Neurons,1998,23144.0
Cell_2300,0,Astrocytes,1996,23156.0
Cell_2303,0,Astrocytes,1997,23097.0
Cell_2304,0,Neurons,1996,23095.0
Cell_2305,0,Oligodendrocytes,1991,23255.0
Cell_2306,0,GABAergic,1995,23359.0
Cell_2307,0,GABAergic,1991,22527.0
Cell_2308,0,GABAergic,1993,22782.0
Cell_2309,0,Astrocytes,1995,23249.0
Cell_2310,0,Endothelial,1993,23749.0
Cell_2311,0,Oligodendrocytes,1995,23547.0
Cell_2313,0,Oligodendrocytes,1996,23547.0
Cell_2314,0,GABAergic,1997,23151.0
Cell_2315,0,Microglia,1995,23400.0
Cell_2317,0,Microglia,1996,23114.0
Cell_2318,0,GABAergic,1998,23312.0
Cell_2319,0,Astrocytes,1997,23193.0
Cell_2320,0,GABAergic,1993,23407.0
Cell_2323,0,Microglia,1994,23679.0
Cell_2324,0,GABAergic,1994,23313.0
Cell_2325,0,Microglia,1993,23171.0
Cell_2326,0,Endothelial,1992,23282.0
Cell_2327,0,Astrocytes,1997,23449.0
Cell_2328,0,Neurons,1992,22977.0
Cell_2329,0,Neurons,1994,23269.0
Cell_2330,0,Astrocytes,1994,23125.0
Cell_2331,0,GABAergic,1993,23516.0
Cell_2332,0,Endothelial,1998,23676.0
Cell_2333,0,Endothelial,1995,23278.0
Cell_2334,0,Microglia,1994,23292.0
Cell_2335,0,GABAergic,1992,23235.0
Cell_2337,0,GABAergic,1994,23311.0
Cell_2338,0,Microglia,1991,23306.0
Cell_2339,0,GABAergic,1996,23247.0
Cell_2340,0,Microglia,1991,23167.0
Cell_2341,0,GABAergic,1996,23232.0
Cell_2342,0,Astrocytes,1996,23223.0
Cell_2345,0,Microglia,1998,23684.0
Cell_2346,0,Microglia,1994,23459.0
Cell_2347,0,Oligodendrocytes,1991,23277.0
Cell_2348,0,GABAergic,1996,23281.0
Cell_2350,0,GABAergic,1995,23054.0
Cell_2351,0,Endothelial,1992,23250.0
Cell_2352,0,Oligodendrocytes,1995,23154.0
Cell_2354,0,GABAergic,1993,23061.0
Cell_2355,0,GABAergic,1994,23397.0
Cell_2357,0,Astrocytes,1998,22931.0
Cell_2360,0,Endothelial,1991,23388.0
Cell_2362,0,Microglia,1997,23498.0
Cell_2363,0,Microglia,1995,23535.0
Cell_2365,0,Oligodendrocytes,1997,23424.0
Cell_2366,0,Microglia,1996,23566.0
Cell_2367,0,Endothelial,1996,22651.0
Cell_2369,0,GABAergic,1996,23332.0
Cell_2370,0,Neurons,1991,22938.0
Cell_2371,0,Oligodendrocytes,1998,23861.0
Cell_2372,0,Neurons,1996,23194.0
Cell_2373,0,Microglia,1999,23090.0
Cell_2376,0,Neurons,1993,23158.0
Cell_2377,0,Microglia,1996,23416.0
Cell_2378,0,Microglia,1998,23018.0
Cell_2379,0,Endothelial,1996,22923.0
Cell_2380,0,Microglia,1997,23037.0
Cell_2381,0,Endothelial,1996,23440.0
Cell_2382,0,Endothelial,1995,23273.0
Cell_2385,0,Neurons,1996,23344.0
Cell_2388,0,Microglia,1991,23585.0
Cell_2389,0,Oligodendrocytes,1995,23532.0
Cell_2390,0,Oligodendrocytes,1994,23379.0
Cell_2391,0,Neurons,1993,23306.0
Cell_2393,0,Microglia,1997,23329.0
Cell_2394,0,Endothelial,1994,22886.0
Cell_2396,0,Astrocytes,1997,23624.0
Cell_2397,0,Oligodendrocytes,1993,23005.0
Cell_2398,0,GABAergic,1994,23065.0
Cell_2399,0,Oligodendrocytes,1996,23288.0
Cell_2400,0,Endothelial,1999,23356.0
Cell_2401,0,Microglia,1998,23528.0
Cell_2402,0,Microglia,1991,23485.0
Cell_2403,0,GABAergic,1994,23970.0
Cell_2404,0,Oligodendrocytes,1995,23309.0
Cell_2406,0,Oligodendrocytes,1997,23196.0
Cell_2407,0,Neurons,1996,23044.0
Cell_2408,0,Oligodendrocytes,1991,23280.0
Cell_2410,0,Neurons,1989,23703.0
Cell_2412,0,Microglia,1995,23608.0
Cell_2415,0,GABAergic,1995,23112.0
Cell_2418,0,GABAergic,1994,22840.0
Cell_2419,0,Astrocytes,1992,23221.0
Cell_2420,0,Neurons,1993,23179.0
Cell_2421,0,GABAergic,1997,23293.0
Cell_2425,0,Oligodendrocytes,1992,23154.0
Cell_2426,0,Astrocytes,1993,23596.0
Cell_2429,0,Neurons,1992,23136.0
Cell_2430,0,Neurons,1995,23078.0
Cell_2431,0,Microglia,1989,23485.0
Cell_2432,0,Neurons,1996,23090.0
Cell_2433,0,Astrocytes,1993,23405.0
Cell_2434,0,GABAergic,2000,23328.0
Cell_2435,0,Microglia,1998,23465.0
Cell_2437,0,Astrocytes,1996,23516.0
Cell_2438,0,GABAergic,1996,23499.0
Cell_2439,0,Microglia,1994,23048.0
Cell_2440,0,Endothelial,1994,22924.0
Cell_2441,0,Endothelial,1997,24115.0
Cell_2442,0,Neurons,1993,22923.0
Cell_2443,0,Endothelial,1997,23286.0
Cell_2446,0,Neurons,1995,23165.0
Cell_2447,0,Astrocytes,1994,23259.0
Cell_2449,0,Microglia,1998,23331.0
Cell_2450,0,GABAergic,1991,23273.0
Cell_2451,0,Neurons,1989,23224.0
Cell_2453,0,Astrocytes,1997,23578.0
Cell_2456,0,Astrocytes,1999,23423.0
Cell_2457,0,Oligodendrocytes,1996,23464.0
Cell_2458,0,Microglia,1995,23624.0
Cell_2459,0,Microglia,1998,23365.0
Cell_2460,0,Microglia,1996,23222.0
Cell_2462,0,Microglia,1998,23273.0
Cell_2463,0,GABAergic,1998,23524.0
Cell_2464,0,Microglia,1997,23220.0
Cell_2466,0,Neurons,1995,23137.0
Cell_2467,0,Endothelial,1993,23481.0
Cell_2468,0,Endothelial,1996,23384.0
Cell_2470,0,GABAergic,1994,23422.0
Cell_2471,0,GABAergic,1995,23596.0
Cell_2473,0,Endothelial,1994,23290.0
Cell_2476,0,Oligodendrocytes,1992,22839.0
Cell_2477,0,Microglia,1994,23345.0
Cell_2480,0,Microglia,1991,23310.0
Cell_2481,0,Endothelial,1994,23252.0
Cell_2482,0,Oligodendrocytes,1996,23474.0
Cell_2483,0,Endothelial,1993,23212.0
Cell_2484,0,Astrocytes,1996,23204.0
Cell_2489,0,GABAergic,1997,22809.0
Cell_2491,0,Neurons,1993,23472.0
Cell_2493,0,Microglia,2000,23263.0
Cell_2496,0,Oligodendrocytes,1996,23504.0
Cell_2497,0,GABAergic,1995,23093.0
Cell_2498,0,Neurons,1995,23128.0
Cell_2499,0,Oligodendrocytes,1994,23127.0
Cell_2500,0,Microglia,1995,23219.0
Cell_2503,0,GABAergic,1995,23395.0
Cell_2504,0,Astrocytes,1998,22845.0
Cell_2505,0,Microglia,1996,23167.0
Cell_2507,0,GABAergic,1991,23161.0
Cell_2510,0,Microglia,1994,23573.0
Cell_2511,0,GABAergic,1996,22784.0
Cell_2512,0,Oligodendrocytes,1994,23356.0
Cell_2514,0,GABAergic,1998,23636.0
Cell_2515,0,GABAergic,1994,23044.0
Cell_2516,0,Microglia,1995,23262.0
Cell_2518,0,Microglia,1997,23211.0
Cell_2519,0,Neurons,1995,23459.0
Cell_2520,0,Astrocytes,1999,23773.0
Cell_2521,0,Endothelial,1996,23856.0
Cell_2523,0,Oligodendrocytes,1999,23372.0
Cell_2524,0,Oligodendrocytes,1995,23242.0
Cell_2525,0,Neurons,1997,23131.0
Cell_2526,0,Microglia,1998,23281.0
Cell_2527,0,Microglia,1996,23623.0
Cell_2528,0,GABAergic,1993,23653.0
Cell_2530,0,Neurons,1996,23157.0
Cell_2531,0,Astrocytes,1998,23066.0
Cell_2532,0,Astrocytes,1993,23251.0
Cell_2533,0,GABAergic,1996,23556.0
Cell_2534,0,Endothelial,1998,23366.0
Cell_2535,0,Microglia,1997,23036.0
Cell_2536,0,Microglia,1997,22915.0
Cell_2537,0,GABAergic,1997,23892.0
Cell_2538,0,GABAergic,1996,23276.0
Cell_2539,0,Astrocytes,1990,23179.0
Cell_2541,0,Microglia,1993,23545.0
Cell_2543,0,Neurons,1996,22761.0
Cell_2544,0,Microglia,1994,22661.0
Cell_2545,0,Neurons,1999,23586.0
Cell_2546,0,Endothelial,1997,22826.0
Cell_2547,0,Endothelial,1996,23385.0
Cell_2548,0,Endothelial,1995,23432.0
Cell_2549,0,GABAergic,1995,22978.0
Cell_2551,0,Endothelial,1997,23515.0
Cell_2552,0,Microglia,1994,22981.0
Cell_2553,0,Microglia,1995,23683.0
Cell_2554,0,GABAergic,1995,23406.0
Cell_2556,0,Oligodendrocytes,1997,23606.0
Cell_2557,0,Oligodendrocytes,1996,23586.0
Cell_2558,0,GABAergic,1993,23005.0
Cell_2559,0,Oligodendrocytes,1993,23295.0
Cell_2560,0,Microglia,1996,23451.0
Cell_2561,0,Neurons,1993,22794.0
Cell_2563,0,Neurons,1993,22857.0
Cell_2564,0,Oligodendrocytes,1994,23604.0
Cell_2565,0,GABAergic,1991,23636.0
Cell_2566,0,Microglia,1993,23669.0
Cell_2567,0,Microglia,1994,23782.0
Cell_2568,0,Astrocytes,1995,23461.0
Cell_2569,0,Oligodendrocytes,1993,22982.0
Cell_2570,0,Oligodendrocytes,1993,23262.0
Cell_2572,0,Oligodendrocytes,1995,23034.0
Cell_2573,0,Astrocytes,1995,23351.0
Cell_2575,0,Microglia,1997,23220.0
Cell_2576,0,Endothelial,1993,22942.0
Cell_2577,0,GABAergic,1999,23191.0
Cell_2579,0,GABAergic,1995,23283.0
Cell_2580,0,Endothelial,1994,23472.0
Cell_2581,0,GABAergic,1995,23288.0
Cell_2582,0,Neurons,1993,23513.0
Cell_2583,0,Endothelial,1995,23140.0
Cell_2585,0,Endothelial,1996,23898.0
Cell_2588,0,Astrocytes,1994,23041.0
Cell_2589,0,GABAergic,1997,23479.0
Cell_2590,0,Microglia,1997,23390.0
Cell_2591,0,Neurons,1995,23983.0
Cell_2592,0,Endothelial,1992,23408.0
Cell_2594,0,Astrocytes,1992,23852.0
Cell_2595,0,Microglia,1984,23204.0
Cell_2596,0,Neurons,1996,23294.0
Cell_2597,0,Microglia,1994,23749.0
Cell_2599,0,GABAergic,1999,23469.0
Cell_2601,0,Endothelial,1992,23971.0
Cell_2602,0,Endothelial,2000,23128.0
Cell_2603,0,Microglia,1996,23165.0
Cell_2604,0,Neurons,1997,23204.0
Cell_2605,0,GABAergic,1995,23427.0
Cell_2606,0,Astrocytes,1996,23160.0
Cell_2607,0,GABAergic,1992,22731.0
Cell_2610,0,Endothelial,1994,23342.0
Cell_2612,0,GABAergic,1997,23013.0
Cell_2613,0,GABAergic,1999,23603.0
Cell_2614,0,GABAergic,1997,22549.0
Cell_2615,0,GABAergic,1993,23305.0
Cell_2616,0,Microglia,1997,23561.0
Cell_2617,0,Neurons,1995,23457.0
Cell_2618,0,Microglia,1995,23678.0
Cell_2619,0,GABAergic,1995,23415.0
Cell_2620,0,Microglia,1995,23477.0
Cell_2621,0,Microglia,1994,23216.0
Cell_2622,0,GABAergic,1995,23230.0
Cell_2623,0,Astrocytes,1995,23533.0
Cell_2624,0,GABAergic,1997,23133.0
Cell_2625,0,Astrocytes,1992,23671.0
Cell_2626,0,GABAergic,1998,23829.0
Cell_2627,0,Endothelial,1996,23600.0
Cell_2628,0,Microglia,1990,23525.0
Cell_2629,0,Microglia,1996,23428.0
Cell_2630,0,Microglia,1994,23201.0
Cell_2632,0,Microglia,1995,23659.0
Cell_2633,0,Microglia,1996,23506.0
Cell_2635,0,GABAergic,1998,23140.0
Cell_2636,0,Endothelial,1997,23336.0
Cell_2637,0,Astrocytes,1995,23813.0
Cell_2638,0,GABAergic,1992,23465.0
Cell_2639,0,Astrocytes,1997,23303.0
Cell_2641,0,GABAergic,1995,23280.0
Cell_2643,0,Endothelial,1997,23368.0
Cell_2644,0,Microglia,1997,23512.0
Cell_2645,0,Oligodendrocytes,1998,23658.0
Cell_2648,0,Endothelial,1993,23705.0
Cell_2649,0,Neurons,1993,23114.0
Cell_2651,0,GABAergic,1994,23661.0
Cell_2652,0,Microglia,1998,23718.0
Cell_2653,0,Oligodendrocytes,1997,23350.0
Cell_2654,0,Oligodendrocytes,1993,23335.0
Cell_2656,0,Astrocytes,1993,23684.0
Cell_2658,0,Endothelial,1993,23581.0
Cell_2659,0,Microglia,1995,23086.0
Cell_2661,0,Oligodendrocytes,1989,23912.0
Cell_2663,0,GABAergic,1998,23371.0
Cell_2664,0,GABAergic,1994,22844.0
Cell_2665,0,Endothelial,1995,23206.0
Cell_2668,0,Neurons,1990,22793.0
Cell_2670,0,GABAergic,1996,23238.0
Cell_2671,0,Neurons,1996,23250.0
Cell_2672,0,GABAergic,1993,23208.0
Cell_2675,0,GABAergic,1993,23353.0
Cell_2676,0,Microglia,1996,23784.0
Cell_2679,0,Endothelial,1994,22808.0
Cell_2681,0,Endothelial,1998,22982.0
Cell_2682,0,Neurons,1997,23458.0
Cell_2683,0,Microglia,1997,23371.0
Cell_2685,0,Neurons,1991,23561.0
Cell_2686,0,Endothelial,1991,23390.0
Cell_2687,0,GABAergic,1996,23391.0
Cell_2688,0,Oligodendrocytes,1993,23604.0
Cell_2689,0,Neurons,1992,22925.0
Cell_2691,0,GABAergic,1992,23331.0
Cell_2692,0,Endothelial,1996,23074.0
Cell_2693,0,Neurons,1996,23712.0
Cell_2694,0,GABAergic,1996,23489.0
Cell_2695,0,Neurons,1996,22887.0
Cell_2696,0,Oligodendrocytes,1996,23572.0
Cell_2697,0,GABAergic,1993,23196.0
Cell_2700,0,Microglia,1998,23646.0
Cell_2701,0,Microglia,1988,22872.0
Cell_2702,0,Endothelial,1994,23435.0
Cell_2703,0,GABAergic,1995,23288.0
Cell_2705,0,Endothelial,1997,22616.0
Cell_2706,0,Endothelial,1992,23782.0
Cell_2707,0,Astrocytes,1997,23674.0
Cell_2708,0,Neurons,1997,23281.0
Cell_2709,0,Oligodendrocytes,1996,22983.0
Cell_2710,0,GABAergic,1995,23765.0
Cell_2711,0,Endothelial,1996,23618.0
Cell_2714,0,GABAergic,1994,23421.0
Cell_2715,0,GABAergic,1993,23112.0
Cell_2716,0,Oligodendrocytes,1996,23764.0
Cell_2717,0,GABAergic,1996,22873.0
Cell_2718,0,Neurons,1994,23668.0
Cell_2720,0,Neurons,1994,22956.0
Cell_2722,0,GABAergic,1998,23536.0
Cell_2723,0,Oligodendrocytes,1990,23798.0
Cell_2724,0,GABAergic,1995,23091.0
Cell_2725,0,Endothelial,1993,23233.0
Cell_2726,0,Astrocytes,1998,23068.0
Cell_2727,0,Astrocytes,1995,23311.0
Cell_2729,0,GABAergic,1996,23551.0
Cell_2730,0,Neurons,1995,23307.0
Cell_2732,0,Astrocytes,1996,23331.0
Cell_2733,0,Neurons,1995,22878.0
Cell_2734,0,Oligodendrocytes,1997,23387.0
Cell_2735,0,GABAergic,1995,23345.0
Cell_2736,0,GABAergic,1991,23202.0
Cell_2737,0,Astrocytes,1997,23177.0
Cell_2738,0,Astrocytes,1994,23264.0
Cell_2739,0,Microglia,1995,23357.0
Cell_2740,0,Microglia,1995,23536.0
Cell_2741,0,Neurons,1999,23197.0
Cell_2742,0,Oligodendrocytes,1993,23076.0
Cell_2743,0,Neurons,1994,23536.0
Cell_2744,0,Endothelial,1998,23665.0
Cell_2745,0,Astrocytes,1994,22959.0
Cell_2747,0,GABAergic,1996,23329.0
Cell_2748,0,Microglia,1993,22998.0
Cell_2749,0,Oligodendrocytes,1992,23261.0
Cell_2750,0,Oligodendrocytes,1995,23428.0
Cell_2751,0,Endothelial,1997,23189.0
Cell_2753,0,Microglia,1993,23179.0
Cell_2754,0,Endothelial,1997,22979.0
Cell_2755,0,Neurons,1999,22956.0
Cell_2756,0,Microglia,2000,23091.0
Cell_2757,0,Endothelial,1994,23530.0
Cell_2758,0,Neurons,1998,23124.0
Cell_2759,0,Neurons,1992,23280.0
Cell_2760,0,Neurons,1992,22963.0
Cell_2761,0,Endothelial,1997,23322.0
Cell_2763,0,Microglia,1995,23506.0
Cell_2765,0,GABAergic,1993,23046.0
Cell_2768,0,Neurons,1997,22585.0
Cell_2769,0,GABAergic,1997,23343.0
Cell_2770,0,Astrocytes,1996,23379.0
Cell_2772,0,Neurons,1995,23889.0
Cell_2773,0,Oligodendrocytes,1996,23394.0
Cell_2775,0,Neurons,1997,23266.0
Cell_2776,0,Neurons,1996,23218.0
Cell_2777,0,Endothelial,1996,24097.0
Cell_2778,0,Oligodendrocytes,1997,23758.0
Cell_2779,0,Astrocytes,1997,23174.0
Cell_2780,0,Neurons,1996,23691.0
Cell_2781,0,GABAergic,1998,23689.0
Cell_2782,0,Neurons,1998,23356.0
Cell_2783,0,GABAergic,1997,23066.0
Cell_2784,0,GABAergic,1996,23338.0
Cell_2785,0,Microglia,1995,22749.0
Cell_2786,0,GABAergic,1995,23454.0
Cell_2787,0,Astrocytes,1993,22985.0
Cell_2788,0,GABAergic,1998,23593.0
Cell_2790,0,GABAergic,1992,23345.0
Cell_2791,0,Endothelial,1997,23161.0
Cell_2792,0,Oligodendrocytes,1995,23554.0
Cell_2793,0,Endothelial,1993,23050.0
Cell_2794,0,Endothelial,1995,23284.0
Cell_2795,0,Astrocytes,1994,23245.0
Cell_2796,0,Oligodendrocytes,1993,23233.0
Cell_2797,0,GABAergic,1994,23384.0
Cell_2798,0,Neurons,1993,22826.0
Cell_2799,0,Oligodendrocytes,1996,23523.0
Cell_2800,0,Neurons,1999,23221.0
Cell_2801,0,Neurons,1997,23889.0
Cell_2804,0,Endothelial,1995,23509.0
Cell_2808,0,Microglia,1999,23563.0
Cell_2809,0,Oligodendrocytes,1995,23026.0
Cell_2810,0,Endothelial,1995,23702.0
Cell_2812,0,Neurons,1994,23282.0
Cell_2813,0,Endothelial,1991,23634.0
Cell_2814,0,Oligodendrocytes,1996,23277.0
Cell_2815,0,Astrocytes,1995,22712.0
Cell_2817,0,GABAergic,1992,23547.0
Cell_2820,0,GABAergic,1995,23141.0
Cell_2822,0,Neurons,1998,23591.0
Cell_2823,0,Endothelial,1993,23401.0
Cell_2824,0,Endothelial,1998,23339.0
Cell_2825,0,Microglia,1997,23434.0
Cell_2827,0,Microglia,1996,23676.0
Cell_2828,0,Endothelial,1998,23853.0
Cell_2830,0,Neurons,1996,23933.0
Cell_2831,0,Microglia,1994,23119.0
Cell_2832,0,Oligodendrocytes,1995,23467.0
Cell_2834,0,Neurons,1992,23640.0
Cell_2835,0,GABAergic,1994,23431.0
Cell_2837,0,Neurons,1991,22930.0
Cell_2838,0,Endothelial,1996,23240.0
Cell_2839,0,GABAergic,1997,23532.0
Cell_2843,0,Microglia,1999,22960.0
Cell_2844,0,Endothelial,1994,23464.0
Cell_2845,0,Oligodendrocytes,1997,23451.0
Cell_2846,0,Endothelial,1992,23063.0
Cell_2847,0,Neurons,1992,23256.0
Cell_2848,0,Oligodendrocytes,1995,23010.0
Cell_2849,0,Oligodendrocytes,1993,23581.0
Cell_2850,0,Microglia,1996,23559.0
Cell_2851,0,Oligodendrocytes,1992,22987.0
Cell_2852,0,GABAergic,1995,23067.0
Cell_2854,0,Endothelial,1996,22896.0
Cell_2855,0,Microglia,1994,23683.0
Cell_2856,0,GABAergic,1994,22811.0
Cell_2858,0,Neurons,1997,23059.0
Cell_2859,0,Oligodendrocytes,1998,23003.0
Cell_2860,0,Endothelial,1996,23193.0
Cell_2862,0,Endothelial,1993,23244.0
Cell_2863,0,GABAergic,1997,22930.0
Cell_2864,0,Astrocytes,1994,23270.0
Cell_2868,0,Astrocytes,1996,23348.0
Cell_2870,0,Astrocytes,1995,23391.0
Cell_2871,0,Microglia,1991,22877.0
Cell_2872,0,Neurons,1996,23074.0
Cell_2875,0,Microglia,1997,23130.0
Cell_2876,0,Neurons,1996,23400.0
Cell_2877,0,Neurons,1997,23604.0
Cell_2878,0,Microglia,1993,23205.0
Cell_2879,0,Neurons,1998,23436.0
Cell_2880,0,Microglia,1996,23144.0
Cell_2882,0,Microglia,1995,23096.0
Cell_2884,0,Oligodendrocytes,1992,24013.0
Cell_2885,0,Oligodendrocytes,1993,22874.0
Cell_2886,0,Neurons,1996,23016.0
Cell_2888,0,GABAergic,1997,23733.0
Cell_2889,0,Endothelial,1997,23205.0
Cell_2890,0,Endothelial,1997,24066.0
Cell_2892,0,Endothelial,1996,23651.0
Cell_2894,0,Microglia,1992,23528.0
Cell_2895,0,Microglia,1996,23496.0
Cell_2896,0,Astrocytes,1990,23147.0
Cell_2897,0,Microglia,1996,22387.0
Cell_2899,0,Neurons,1998,23310.0
Cell_2902,0,Neurons,1996,23558.0
Cell_2906,0,GABAergic,1997,23099.0
Cell_2910,0,Neurons,1998,23247.0
Cell_2911,0,GABAergic,1996,23284.0
Cell_2912,0,Oligodendrocytes,1993,23047.0
Cell_2913,0,GABAergic,1994,23378.0
Cell_2914,0,Astrocytes,1998,23288.0
Cell_2915,0,Endothelial,1997,23601.0
Cell_2916,0,Endothelial,1994,23584.0
Cell_2917,0,Endothelial,1995,23362.0
Cell_2918,0,GABAergic,1997,23419.0
Cell_2919,0,Microglia,1997,23244.0
Cell_2920,0,Oligodendrocytes,1994,23384.0
Cell_2921,0,Astrocytes,1993,23231.0
Cell_2922,0,GABAergic,1997,23148.0
Cell_2923,0,Neurons,1995,23695.0
Cell_2924,0,GABAergic,1997,23113.0
Cell_2926,0,Neurons,1995,23072.0
Cell_2929,0,Microglia,1995,23221.0
Cell_2930,0,GABAergic,1996,23052.0
Cell_2932,0,Neurons,1993,23306.0
Cell_2934,0,Microglia,1995,23265.0
Cell_2935,0,Microglia,1994,23148.0
Cell_2936,0,GABAergic,1997,23005.0
Cell_2937,0,Microglia,1997,23060.0
Cell_2938,0,Microglia,1989,23619.0
Cell_2939,0,Endothelial,1995,23297.0
Cell_2941,0,Microglia,1998,22848.0
Cell_2942,0,GABAergic,1994,22833.0
Cell_2943,0,Neurons,1996,23383.0
Cell_2945,0,GABAergic,1995,23178.0
Cell_2947,0,Microglia,1995,23121.0
Cell_2949,0,Neurons,1994,22882.0
Cell_2951,0,Endothelial,1997,23639.0
Cell_2953,0,Oligodendrocytes,1997,23059.0
Cell_2958,0,GABAergic,1994,23034.0
Cell_2960,0,Astrocytes,1997,23246.0
Cell_2961,0,Microglia,1993,23111.0
Cell_2962,0,Microglia,1995,23615.0
Cell_2963,0,Microglia,1995,23349.0
Cell_2964,0,Microglia,1997,23191.0
Cell_2965,0,GABAergic,1997,22969.0
Cell_2966,0,Endothelial,1992,23518.0
Cell_2967,0,Astrocytes,1997,23192.0
Cell_2968,0,Microglia,1994,22994.0
Cell_2969,0,Oligodendrocytes,1998,23386.0
Cell_2970,0,Microglia,1994,23446.0
Cell_2971,0,Astrocytes,1994,22880.0
Cell_2972,0,Oligodendrocytes,1994,23124.0
Cell_2973,0,Astrocytes,1995,23707.0
Cell_2974,0,GABAergic,1998,23170.0
Cell_2975,0,Neurons,1997,23069.0
Cell_2976,0,Astrocytes,1996,23126.0
Cell_2978,0,Endothelial,1995,23127.0
Cell_2979,0,Microglia,1993,23241.0
Cell_2980,0,Endothelial,1995,23813.0
Cell_2982,0,Astrocytes,1997,23567.0
Cell_2983,0,Microglia,1995,23502.0
Cell_2985,0,GABAergic,1993,23225.0
Cell_2986,0,GABAergic,1994,23015.0
Cell_2987,0,Astrocytes,1996,23016.0
Cell_2989,0,Microglia,1993,23102.0
Cell_2990,0,Astrocytes,1993,23364.0
Cell_2991,0,Neurons,1997,22879.0
Cell_2993,0,Oligodendrocytes,1995,23430.0
Cell_2994,0,Astrocytes,1993,23366.0
Cell_2996,0,GABAergic,1996,23391.0
Cell_2997,0,Neurons,1995,23394.0
Cell_2998,0,Endothelial,1997,23402.0
Cell_2999,0,Microglia,1996,23039.0
